,Sparta,Den Bosch,Cambuur,For Sittard,Graafschap,PSV Eindhoven,Ajax,Utrecht,Waalwijk,MVV Maastricht,Heerenveen,Roda,Twente,Willem II,Feyenoord,Vitesse,AZ Alkmaar,Nijmegen,NAC Breda,Groningen,Roosendaal,Excelsior,Zwolle,Volendam,Den Haag,Heracles,VVV Venlo,Go Ahead Eagles,Dordrecht,FC Emmen,Almere City
0,0.0,0.0,1.0,1.0,0.0,4.0,3.0,1.0,1.0,1.0,2.0,0.0,1.0,2.0,4.0,1.0,2.0,0.0,,,,,,,,,,,,,
1,1.0,1.0,0.0,2.0,1.0,6.0,6.0,,2.0,2.0,3.0,1.0,4.0,2.0,4.0,1.0,,2.0,,,,,,,,,,,,,
2,,1.0,0.0,1.0,,2.0,3.0,1.0,1.0,2.0,1.0,4.0,0.0,2.0,3.0,6.0,2.0,3.0,,,,,,,,,,,,,
3,3.0,,1.0,0.0,1.0,2.0,2.0,0.0,2.0,1.0,2.0,2.0,0.0,4.0,2.0,0.0,1.0,,,,,,,,,,,,,,
4,1.0,1.0,1.0,0.0,1.0,,1.0,2.0,1.0,1.0,2.0,0.0,3.0,3.0,1.0,2.0,1.0,,,,,,,,,,,,,,
5,3.0,3.0,2.0,0.0,2.0,6.0,3.0,2.0,2.0,0.0,0.0,3.0,0.0,1.0,1.0,1.0,4.0,2.0,,,,,,,,,,,,,
6,0.0,2.0,1.0,4.0,1.0,7.0,6.0,1.0,2.0,1.0,3.0,2.0,3.0,3.0,0.0,5.0,0.0,1.0,,,,,,,,,,,,,
7,,,,,2.0,,,,,1.0,,,,,,,,,,,,,,,,,,,,,
8,3.0,0.0,0.0,0.0,0.0,7.0,3.0,1.0,1.0,4.0,1.0,2.0,0.0,2.0,1.0,1.0,6.0,1.0,,,,,,,,,,,,,
9,2.0,1.0,1.0,3.0,0.0,2.0,6.0,4.0,1.0,0.0,1.0,0.0,2.0,1.0,2.0,1.0,0.0,1.0,,,,,,,,,,,,,
10,2.0,1.0,1.0,0.0,0.0,3.0,1.0,1.0,4.0,1.0,2.0,2.0,3.0,,,3.0,0.0,2.0,,,,,,,,,,,,,
11,1.0,0.0,2.0,1.0,0.0,1.0,2.0,2.0,3.0,3.0,4.0,3.0,3.0,2.0,3.0,,4.0,2.0,,,,,,,,,,,,,
12,1.0,0.0,0.0,1.0,1.0,1.0,2.0,0.0,3.0,3.0,1.0,2.0,1.0,2.0,3.0,3.0,2.0,0.0,,,,,,,,,,,,,
13,1.0,1.0,1.0,2.0,2.0,0.0,2.0,2.0,2.0,,4.0,,4.0,0.0,1.0,2.0,1.0,2.0,,,,,,,,,,,,,
14,1.0,1.0,0.0,1.0,2.0,2.0,1.0,3.0,2.0,0.0,2.0,0.0,2.0,4.0,3.0,0.0,2.0,1.0,,,,,,,,,,,,,
15,,2.0,,0.0,3.0,1.0,,1.0,0.0,4.0,,2.0,,,,1.0,2.0,,,,,,,,,,,,,,
16,0.0,2.0,,3.0,1.0,0.0,1.0,3.0,1.0,0.0,1.0,1.0,2.0,0.0,4.0,3.0,1.0,1.0,,,,,,,,,,,,,
17,,,,,,2.0,,,,0.0,,,,,,,,,,,,,,,,,,,,,
18,2.0,0.0,1.0,,3.0,,,,,,1.0,,,,,1.0,,,,,,,,,,,,,,,
19,1.0,2.0,1.0,3.0,3.0,6.0,3.0,2.0,0.0,0.0,3.0,1.0,1.0,1.0,2.0,1.0,0.0,2.0,,,,,,,,,,,,,
20,0.0,0.0,0.0,0.0,1.0,3.0,3.0,2.0,0.0,2.0,0.0,3.0,0.0,1.0,3.0,3.0,2.0,1.0,,,,,,,,,,,,,
21,2.0,2.0,0.0,2.0,1.0,3.0,2.0,2.0,1.0,2.0,2.0,2.0,2.0,2.0,1.0,2.0,,3.0,,,,,,,,,,,,,
22,1.0,,0.0,2.0,,2.0,,3.0,1.0,0.0,0.0,1.0,2.0,0.0,3.0,1.0,3.0,0.0,,,,,,,,,,,,,
23,3.0,0.0,2.0,,3.0,,0.0,1.0,1.0,2.0,3.0,0.0,0.0,2.0,0.0,2.0,2.0,0.0,,,,,,,,,,,,,
24,1.0,0.0,0.0,2.0,2.0,2.0,,1.0,0.0,0.0,3.0,4.0,1.0,2.0,3.0,,4.0,1.0,,,,,,,,,,,,,
25,2.0,,2.0,3.0,0.0,6.0,0.0,2.0,2.0,1.0,3.0,2.0,1.0,1.0,3.0,0.0,,2.0,,,,,,,,,,,,,
26,2.0,0.0,2.0,3.0,2.0,0.0,5.0,2.0,0.0,1.0,1.0,2.0,4.0,0.0,1.0,3.0,2.0,2.0,,,,,,,,,,,,,
27,1.0,1.0,2.0,0.0,1.0,5.0,0.0,1.0,2.0,0.0,1.0,3.0,1.0,1.0,2.0,2.0,1.0,0.0,,,,,,,,,,,,,
28,2.0,2.0,1.0,0.0,0.0,4.0,3.0,2.0,0.0,2.0,1.0,0.0,1.0,0.0,1.0,4.0,2.0,0.0,,,,,,,,,,,,,
29,1.0,1.0,0.0,0.0,0.0,1.0,4.0,3.0,1.0,0.0,3.0,3.0,1.0,4.0,1.0,4.0,1.0,1.0,,,,,,,,,,,,,
30,1.0,1.0,2.0,3.0,3.0,3.0,1.0,0.0,1.0,0.0,5.0,1.0,1.0,5.0,1.0,0.0,2.0,1.0,,,,,,,,,,,,,
31,3.0,0.0,0.0,2.0,2.0,7.0,0.0,1.0,1.0,2.0,2.0,3.0,2.0,1.0,5.0,3.0,3.0,0.0,,,,,,,,,,,,,
32,0.0,1.0,4.0,1.0,0.0,2.0,1.0,0.0,2.0,0.0,1.0,2.0,4.0,1.0,2.0,1.0,0.0,0.0,,,,,,,,,,,,,
33,0.0,7.0,2.0,2.0,1.0,2.0,1.0,3.0,1.0,1.0,1.0,3.0,1.0,1.0,1.0,2.0,2.0,0.0,,,,,,,,,,,,,
34,2.0,,,,2.0,0.0,,2.0,1.0,,0.0,2.0,1.0,1.0,2.0,3.0,0.0,3.0,0.0,1.0,2.0,,,,,,,,,,
35,3.0,,,0.0,1.0,3.0,0.0,1.0,0.0,,2.0,3.0,1.0,2.0,2.0,1.0,3.0,4.0,5.0,1.0,0.0,,,,,,,,,,
36,,,,,,,,,2.0,,,,,,,,,,,,1.0,,,,,,,,,,
37,3.0,,,0.0,4.0,3.0,3.0,1.0,1.0,,2.0,2.0,2.0,2.0,3.0,2.0,2.0,1.0,1.0,1.0,5.0,,,,,,,,,,
38,1.0,,,1.0,0.0,2.0,2.0,1.0,0.0,,,,2.0,,,1.0,3.0,1.0,3.0,2.0,0.0,,,,,,,,,,
39,,,,1.0,1.0,,2.0,3.0,0.0,,,,3.0,0.0,,4.0,,0.0,2.0,1.0,0.0,,,,,,,,,,
40,1.0,,,,2.0,1.0,,1.0,1.0,,,4.0,1.0,2.0,3.0,2.0,2.0,,,0.0,,,,,,,,,,,
41,,,,,,,2.0,,,,2.0,,,,,,,,,,,,,,,,,,,,
42,1.0,,,1.0,4.0,0.0,2.0,2.0,1.0,,1.0,2.0,1.0,6.0,4.0,3.0,3.0,0.0,1.0,0.0,2.0,,,,,,,,,,
43,1.0,,,0.0,1.0,,4.0,5.0,,,0.0,2.0,3.0,1.0,2.0,2.0,0.0,,,4.0,3.0,,,,,,,,,,
44,2.0,,,1.0,0.0,1.0,1.0,1.0,1.0,,1.0,0.0,0.0,0.0,1.0,,5.0,3.0,2.0,0.0,,,,,,,,,,,
45,1.0,,,1.0,1.0,2.0,1.0,1.0,4.0,,1.0,2.0,0.0,0.0,4.0,2.0,2.0,2.0,2.0,1.0,3.0,,,,,,,,,,
46,0.0,,,0.0,1.0,1.0,4.0,1.0,0.0,,1.0,3.0,4.0,1.0,0.0,2.0,2.0,2.0,0.0,2.0,2.0,,,,,,,,,,
47,,,,1.0,0.0,4.0,3.0,1.0,1.0,,1.0,2.0,2.0,2.0,3.0,2.0,1.0,1.0,0.0,,1.0,,,,,,,,,,
48,1.0,,,1.0,5.0,2.0,1.0,2.0,,,0.0,4.0,3.0,0.0,1.0,,1.0,0.0,1.0,0.0,0.0,,,,,,,,,,
49,2.0,,,0.0,1.0,2.0,6.0,1.0,0.0,,2.0,1.0,0.0,1.0,2.0,3.0,1.0,1.0,1.0,0.0,0.0,,,,,,,,,,
50,1.0,,,2.0,0.0,,1.0,5.0,,,0.0,0.0,,1.0,3.0,0.0,0.0,0.0,0.0,4.0,,,,,,,,,,,
51,0.0,,,1.0,0.0,5.0,5.0,3.0,2.0,,3.0,2.0,1.0,3.0,0.0,1.0,0.0,0.0,1.0,1.0,0.0,,,,,,,,,,
52,,,,1.0,,1.0,,2.0,1.0,,1.0,,2.0,2.0,2.0,0.0,,0.0,,2.0,2.0,,,,,,,,,,
53,,,,,,6.0,,,,,,,,,2.0,,,,0.0,,0.0,,,,,,,,,,
54,0.0,,,0.0,0.0,1.0,3.0,,3.0,,1.0,0.0,3.0,1.0,3.0,2.0,0.0,2.0,4.0,0.0,0.0,,,,,,,,,,
55,1.0,,,,2.0,3.0,1.0,1.0,3.0,,,2.0,,1.0,1.0,0.0,0.0,1.0,,0.0,1.0,,,,,,,,,,
56,2.0,,,0.0,1.0,2.0,3.0,3.0,2.0,,0.0,0.0,0.0,,,,3.0,,1.0,2.0,2.0,,,,,,,,,,
57,3.0,,,0.0,,2.0,2.0,0.0,1.0,,6.0,4.0,2.0,1.0,1.0,1.0,2.0,0.0,0.0,0.0,,,,,,,,,,,
58,5.0,,,0.0,0.0,0.0,3.0,1.0,0.0,,0.0,0.0,1.0,6.0,0.0,0.0,1.0,1.0,0.0,0.0,1.0,,,,,,,,,,
59,,,,2.0,0.0,,3.0,0.0,3.0,,1.0,1.0,1.0,3.0,1.0,0.0,1.0,1.0,0.0,3.0,1.0,,,,,,,,,,
60,0.0,,,2.0,1.0,5.0,9.0,1.0,3.0,,2.0,3.0,1.0,2.0,5.0,3.0,0.0,1.0,2.0,0.0,0.0,,,,,,,,,,
61,0.0,,,0.0,1.0,2.0,0.0,1.0,2.0,,2.0,1.0,1.0,1.0,0.0,1.0,0.0,1.0,1.0,0.0,0.0,,,,,,,,,,
62,0.0,,,2.0,2.0,1.0,0.0,1.0,1.0,,5.0,3.0,1.0,2.0,0.0,1.0,0.0,0.0,1.0,1.0,2.0,,,,,,,,,,
63,3.0,,,2.0,2.0,0.0,,,1.0,,1.0,,,,1.0,0.0,2.0,0.0,,0.0,1.0,,,,,,,,,,
64,0.0,,,1.0,4.0,3.0,1.0,1.0,1.0,,6.0,1.0,0.0,0.0,3.0,,0.0,0.0,0.0,2.0,0.0,,,,,,,,,,
65,1.0,,,1.0,1.0,1.0,1.0,2.0,1.0,,3.0,1.0,1.0,1.0,0.0,2.0,0.0,5.0,0.0,1.0,1.0,,,,,,,,,,
66,1.0,,,3.0,2.0,3.0,2.0,0.0,2.0,,0.0,1.0,4.0,3.0,2.0,1.0,2.0,1.0,0.0,1.0,1.0,,,,,,,,,,
67,0.0,,,0.0,0.0,2.0,3.0,3.0,1.0,,0.0,0.0,2.0,3.0,4.0,0.0,3.0,0.0,2.0,0.0,1.0,,,,,,,,,,
68,0.0,,,0.0,2.0,3.0,3.0,2.0,2.0,,2.0,4.0,1.0,3.0,2.0,3.0,2.0,1.0,2.0,1.0,0.0,,,,,,,,,,
69,2.0,,,,,4.0,5.0,6.0,3.0,,1.0,2.0,1.0,,1.0,2.0,1.0,2.0,,0.0,0.0,,,,,,,,,,
70,,,,4.0,1.0,,,,,,,,,1.0,,,,,1.0,,,,,,,,,,,,
71,0.0,0.0,,0.0,3.0,2.0,1.0,0.0,0.0,,0.0,1.0,1.0,3.0,5.0,0.0,0.0,1.0,1.0,2.0,,,,,,,,,,,
72,0.0,4.0,,0.0,1.0,1.0,2.0,0.0,4.0,,5.0,0.0,3.0,3.0,1.0,1.0,3.0,1.0,0.0,0.0,,,,,,,,,,,
73,0.0,1.0,,0.0,1.0,3.0,2.0,3.0,0.0,,1.0,0.0,0.0,1.0,3.0,1.0,2.0,0.0,1.0,1.0,,,,,,,,,,,
74,1.0,2.0,,1.0,0.0,0.0,1.0,4.0,2.0,,1.0,1.0,0.0,2.0,2.0,1.0,0.0,1.0,2.0,3.0,,,,,,,,,,,
75,0.0,1.0,,0.0,0.0,1.0,3.0,0.0,1.0,,4.0,4.0,,,,2.0,1.0,1.0,,0.0,,,,,,,,,,,
76,1.0,0.0,,2.0,4.0,0.0,4.0,2.0,1.0,,2.0,0.0,1.0,2.0,0.0,2.0,2.0,2.0,2.0,1.0,,,,,,,,,,,
77,1.0,1.0,,,,,,,,,,,,,,,,,,,,,,,,,,,,,
78,4.0,0.0,,3.0,4.0,1.0,2.0,3.0,0.0,,2.0,0.0,2.0,1.0,1.0,0.0,1.0,1.0,0.0,0.0,,,,,,,,,,,
79,0.0,1.0,,,0.0,4.0,,1.0,1.0,,1.0,3.0,0.0,3.0,3.0,1.0,1.0,2.0,0.0,1.0,,,,,,,,,,,
80,,0.0,,0.0,0.0,2.0,4.0,0.0,0.0,,1.0,0.0,0.0,1.0,4.0,0.0,3.0,0.0,,2.0,,,,,,,,,,,
81,2.0,3.0,,1.0,1.0,1.0,1.0,1.0,3.0,,0.0,3.0,1.0,1.0,1.0,1.0,0.0,1.0,2.0,1.0,,,,,,,,,,,
82,0.0,1.0,,2.0,0.0,3.0,1.0,6.0,1.0,,3.0,1.0,3.0,1.0,3.0,2.0,0.0,1.0,3.0,4.0,,,,,,,,,,,
83,0.0,2.0,,1.0,3.0,3.0,1.0,3.0,4.0,,0.0,0.0,0.0,1.0,3.0,2.0,3.0,0.0,5.0,0.0,,,,,,,,,,,
84,0.0,3.0,,1.0,1.0,3.0,3.0,3.0,3.0,,1.0,0.0,1.0,2.0,0.0,1.0,0.0,0.0,2.0,2.0,,,,,,,,,,,
85,0.0,3.0,,1.0,1.0,1.0,4.0,,1.0,,2.0,2.0,0.0,2.0,5.0,2.0,1.0,0.0,0.0,0.0,,,,,,,,,,,
86,1.0,4.0,,2.0,1.0,0.0,1.0,2.0,1.0,,0.0,1.0,0.0,1.0,0.0,1.0,0.0,1.0,3.0,2.0,,,,,,,,,,,
87,,0.0,,3.0,,8.0,1.0,3.0,1.0,,1.0,0.0,3.0,3.0,2.0,1.0,,1.0,2.0,0.0,,,,,,,,,,,
88,1.0,0.0,,0.0,5.0,3.0,1.0,2.0,0.0,,4.0,2.0,1.0,1.0,2.0,2.0,3.0,1.0,1.0,2.0,,,,,,,,,,,
89,1.0,1.0,,0.0,0.0,1.0,3.0,0.0,0.0,,0.0,0.0,0.0,1.0,5.0,0.0,0.0,1.0,0.0,3.0,,,,,,,,,,,
90,1.0,0.0,,1.0,3.0,1.0,3.0,1.0,1.0,,2.0,1.0,4.0,,1.0,1.0,0.0,4.0,2.0,0.0,,,,,,,,,,,
91,1.0,1.0,,,2.0,4.0,0.0,,,,3.0,1.0,1.0,0.0,1.0,2.0,0.0,0.0,2.0,,,,,,,,,,,,
92,0.0,1.0,,,,4.0,1.0,0.0,3.0,,,2.0,2.0,0.0,1.0,1.0,2.0,,0.0,4.0,,,,,,,,,,,
93,0.0,1.0,,0.0,0.0,,1.0,2.0,1.0,,,,2.0,4.0,1.0,,1.0,0.0,3.0,1.0,,,,,,,,,,,
94,2.0,1.0,,0.0,0.0,4.0,4.0,4.0,0.0,,2.0,1.0,0.0,0.0,4.0,2.0,1.0,3.0,2.0,1.0,,,,,,,,,,,
95,0.0,0.0,,0.0,1.0,0.0,2.0,3.0,2.0,,0.0,1.0,0.0,4.0,3.0,0.0,2.0,1.0,1.0,1.0,,,,,,,,,,,
96,0.0,1.0,,0.0,0.0,1.0,1.0,0.0,3.0,,4.0,2.0,1.0,2.0,5.0,3.0,1.0,0.0,3.0,0.0,,,,,,,,,,,
97,0.0,,,1.0,0.0,,1.0,,1.0,,,3.0,2.0,,1.0,3.0,0.0,3.0,1.0,,,,,,,,,,,,
98,0.0,0.0,,0.0,3.0,1.0,4.0,3.0,1.0,,0.0,0.0,2.0,3.0,0.0,0.0,0.0,2.0,0.0,2.0,,,,,,,,,,,
99,0.0,3.0,,2.0,1.0,2.0,4.0,2.0,1.0,,2.0,1.0,0.0,2.0,0.0,1.0,2.0,3.0,1.0,0.0,,,,,,,,,,,
100,0.0,1.0,,1.0,2.0,1.0,1.0,0.0,4.0,,0.0,0.0,1.0,2.0,2.0,1.0,,2.0,1.0,,,,,,,,,,,,
101,0.0,0.0,,1.0,0.0,3.0,2.0,0.0,0.0,,2.0,1.0,2.0,2.0,3.0,4.0,5.0,0.0,3.0,2.0,,,,,,,,,,,
102,0.0,0.0,,0.0,2.0,2.0,2.0,0.0,3.0,,0.0,0.0,0.0,0.0,0.0,2.0,1.0,0.0,0.0,0.0,,,,,,,,,,,
103,,,,,2.0,2.0,3.0,1.0,4.0,,3.0,2.0,0.0,2.0,2.0,2.0,3.0,0.0,2.0,1.0,1.0,0.0,1.0,,,,,,,,
104,,,,,2.0,1.0,2.0,1.0,2.0,,1.0,2.0,1.0,1.0,2.0,1.0,0.0,2.0,1.0,0.0,0.0,1.0,1.0,,,,,,,,
105,,,,,,,3.0,,3.0,,0.0,1.0,2.0,0.0,,0.0,,0.0,0.0,1.0,3.0,,1.0,,,,,,,,
106,,,,,1.0,4.0,2.0,0.0,0.0,,0.0,4.0,1.0,2.0,5.0,3.0,2.0,2.0,2.0,2.0,0.0,4.0,0.0,,,,,,,,
107,,,,,0.0,3.0,3.0,0.0,1.0,,0.0,1.0,0.0,1.0,2.0,1.0,2.0,1.0,2.0,0.0,2.0,1.0,1.0,,,,,,,,
108,,,,,0.0,4.0,2.0,1.0,0.0,,2.0,3.0,3.0,5.0,2.0,0.0,4.0,4.0,2.0,1.0,4.0,3.0,2.0,,,,,,,,
109,,,,,0.0,2.0,2.0,2.0,0.0,,1.0,2.0,1.0,1.0,1.0,3.0,1.0,2.0,2.0,0.0,2.0,3.0,2.0,,,,,,,,
110,,,,,1.0,0.0,6.0,1.0,3.0,,1.0,0.0,1.0,3.0,1.0,1.0,2.0,3.0,3.0,2.0,1.0,1.0,0.0,,,,,,,,
111,,,,,0.0,5.0,1.0,,1.0,,2.0,5.0,2.0,1.0,5.0,0.0,1.0,0.0,0.0,,,0.0,,,,,,,,,
112,,,,,1.0,0.0,3.0,1.0,0.0,,3.0,,0.0,0.0,2.0,,1.0,0.0,0.0,0.0,0.0,0.0,5.0,,,,,,,,
113,,,,,1.0,3.0,1.0,1.0,0.0,,1.0,1.0,2.0,1.0,2.0,3.0,2.0,1.0,0.0,0.0,0.0,1.0,0.0,,,,,,,,
114,,,,,1.0,1.0,6.0,2.0,1.0,,2.0,0.0,1.0,0.0,2.0,1.0,2.0,0.0,3.0,3.0,4.0,0.0,1.0,,,,,,,,
115,,,,,3.0,3.0,3.0,3.0,1.0,,0.0,1.0,1.0,3.0,0.0,0.0,3.0,2.0,2.0,2.0,0.0,0.0,0.0,,,,,,,,
116,,,,,1.0,2.0,2.0,1.0,0.0,,1.0,2.0,1.0,1.0,2.0,1.0,2.0,,1.0,1.0,0.0,,0.0,,,,,,,,
117,,,,,1.0,3.0,1.0,1.0,2.0,,3.0,1.0,0.0,3.0,1.0,0.0,1.0,2.0,,0.0,1.0,1.0,,,,,,,,,
118,,,,,1.0,4.0,2.0,2.0,0.0,,2.0,2.0,2.0,1.0,6.0,,1.0,0.0,1.0,3.0,,2.0,0.0,,,,,,,,
119,,,,,3.0,1.0,2.0,0.0,0.0,,2.0,1.0,3.0,1.0,1.0,0.0,,0.0,1.0,0.0,0.0,0.0,2.0,,,,,,,,
120,,,,,,3.0,6.0,,1.0,,1.0,,2.0,0.0,4.0,,0.0,0.0,1.0,0.0,0.0,,,,,,,,,,
121,,,,,0.0,1.0,1.0,2.0,0.0,,5.0,2.0,0.0,3.0,1.0,0.0,0.0,2.0,0.0,0.0,1.0,2.0,0.0,,,,,,,,
122,,,,,1.0,6.0,2.0,1.0,1.0,,5.0,0.0,1.0,5.0,4.0,0.0,1.0,2.0,2.0,1.0,0.0,1.0,0.0,,,,,,,,
123,,,,,0.0,1.0,0.0,1.0,1.0,,,2.0,0.0,,4.0,2.0,2.0,1.0,0.0,1.0,2.0,1.0,2.0,,,,,,,,
124,,,,,1.0,1.0,2.0,2.0,2.0,,0.0,1.0,0.0,0.0,2.0,0.0,0.0,1.0,1.0,4.0,1.0,1.0,0.0,,,,,,,,
125,,,,,0.0,2.0,5.0,4.0,3.0,,0.0,0.0,2.0,1.0,6.0,1.0,1.0,1.0,1.0,1.0,0.0,2.0,0.0,,,,,,,,
126,,,,,2.0,5.0,2.0,0.0,4.0,,3.0,0.0,0.0,1.0,2.0,0.0,2.0,1.0,0.0,1.0,1.0,1.0,1.0,,,,,,,,
127,,,,,1.0,2.0,0.0,0.0,1.0,,0.0,2.0,2.0,0.0,5.0,1.0,3.0,1.0,0.0,0.0,3.0,0.0,1.0,,,,,,,,
128,,,,,3.0,1.0,4.0,1.0,2.0,,3.0,2.0,0.0,1.0,4.0,0.0,0.0,1.0,0.0,0.0,1.0,0.0,3.0,,,,,,,,
129,,,,,0.0,3.0,3.0,1.0,1.0,,2.0,2.0,3.0,1.0,2.0,1.0,1.0,3.0,0.0,1.0,2.0,0.0,1.0,,,,,,,,
130,,,,,0.0,2.0,4.0,4.0,3.0,,0.0,2.0,0.0,3.0,3.0,1.0,0.0,1.0,,,0.0,1.0,1.0,,,,,,,,
131,,,,,1.0,6.0,3.0,2.0,3.0,,2.0,,1.0,1.0,1.0,2.0,1.0,1.0,0.0,0.0,0.0,0.0,,,,,,,,,
132,,,,,4.0,2.0,6.0,1.0,1.0,,5.0,1.0,0.0,1.0,2.0,3.0,2.0,0.0,1.0,0.0,1.0,3.0,3.0,,,,,,,,
133,,,,,0.0,7.0,2.0,0.0,1.0,,2.0,1.0,0.0,2.0,2.0,1.0,3.0,1.0,2.0,1.0,0.0,0.0,0.0,,,,,,,,
134,,,,,1.0,1.0,7.0,4.0,2.0,,1.0,4.0,1.0,2.0,3.0,0.0,0.0,2.0,3.0,1.0,0.0,1.0,0.0,,,,,,,,
135,,,,,1.0,2.0,2.0,0.0,0.0,,6.0,1.0,1.0,1.0,1.0,4.0,0.0,0.0,4.0,0.0,0.0,4.0,0.0,,,,,,,,
136,,,,,1.0,0.0,3.0,3.0,0.0,,0.0,1.0,2.0,0.0,3.0,2.0,4.0,1.0,2.0,0.0,1.0,1.0,2.0,,,,,,,,
137,,,,,,2.0,2.0,1.0,1.0,,1.0,2.0,3.0,1.0,2.0,1.0,0.0,1.0,0.0,1.0,1.0,,0.0,0.0,0.0,,,,,,
138,,,,,,6.0,1.0,1.0,3.0,,1.0,3.0,0.0,1.0,0.0,0.0,3.0,1.0,2.0,0.0,0.0,,0.0,3.0,1.0,,,,,,
139,,,,,,2.0,1.0,0.0,3.0,,0.0,0.0,0.0,2.0,2.0,1.0,2.0,1.0,1.0,2.0,2.0,,0.0,0.0,0.0,,,,,,
140,,,,,,2.0,4.0,1.0,1.0,,1.0,0.0,1.0,1.0,2.0,1.0,2.0,2.0,1.0,0.0,1.0,,0.0,1.0,1.0,,,,,,
141,,,,,,3.0,2.0,1.0,1.0,,1.0,1.0,2.0,2.0,1.0,1.0,3.0,3.0,4.0,1.0,2.0,,1.0,2.0,1.0,,,,,,
142,,,,,,0.0,6.0,1.0,2.0,,3.0,0.0,0.0,0.0,3.0,3.0,1.0,1.0,0.0,0.0,1.0,,0.0,1.0,2.0,,,,,,
143,,,,,,4.0,3.0,2.0,0.0,,1.0,2.0,5.0,0.0,2.0,3.0,2.0,0.0,1.0,1.0,0.0,,2.0,2.0,0.0,,,,,,
144,,,,,,2.0,5.0,0.0,2.0,,0.0,1.0,5.0,0.0,1.0,2.0,3.0,0.0,3.0,3.0,0.0,,1.0,1.0,2.0,,,,,,
145,,,,,,2.0,2.0,2.0,1.0,,1.0,1.0,2.0,1.0,2.0,1.0,4.0,2.0,1.0,2.0,2.0,,0.0,2.0,1.0,,,,,,
146,,,,,,3.0,3.0,2.0,1.0,,1.0,5.0,0.0,4.0,3.0,2.0,2.0,0.0,1.0,3.0,1.0,,1.0,2.0,1.0,,,,,,
147,,,,,,1.0,4.0,1.0,0.0,,1.0,2.0,1.0,2.0,3.0,2.0,2.0,2.0,1.0,3.0,1.0,,1.0,1.0,1.0,,,,,,
148,,,,,,3.0,3.0,1.0,1.0,,1.0,5.0,4.0,6.0,3.0,0.0,1.0,2.0,2.0,1.0,1.0,,0.0,0.0,0.0,,,,,,
149,,,,,,4.0,2.0,3.0,1.0,,,1.0,2.0,3.0,0.0,1.0,1.0,0.0,1.0,2.0,0.0,,0.0,,1.0,,,,,,
150,,,,,,7.0,,2.0,1.0,,3.0,,0.0,0.0,4.0,5.0,0.0,1.0,2.0,1.0,1.0,,2.0,0.0,1.0,,,,,,
151,,,,,,3.0,1.0,0.0,1.0,,1.0,2.0,4.0,1.0,2.0,0.0,6.0,2.0,2.0,1.0,1.0,,1.0,0.0,0.0,,,,,,
152,,,,,,0.0,0.0,3.0,0.0,,2.0,1.0,2.0,2.0,0.0,0.0,,1.0,3.0,1.0,2.0,,0.0,0.0,,,,,,,
153,,,,,,2.0,1.0,2.0,1.0,,1.0,2.0,3.0,2.0,3.0,0.0,0.0,0.0,3.0,0.0,3.0,,0.0,2.0,1.0,,,,,,
154,,,,,,3.0,4.0,1.0,1.0,,,3.0,2.0,1.0,3.0,0.0,1.0,2.0,1.0,0.0,1.0,,1.0,1.0,0.0,,,,,,
155,,,,,,1.0,2.0,,3.0,,3.0,,2.0,1.0,0.0,0.0,3.0,0.0,4.0,2.0,1.0,,0.0,0.0,0.0,,,,,,
156,,,,,,1.0,2.0,0.0,2.0,,1.0,0.0,0.0,1.0,2.0,1.0,3.0,4.0,0.0,1.0,2.0,,0.0,0.0,2.0,,,,,,
157,,,,,,2.0,1.0,1.0,,,3.0,1.0,0.0,,,1.0,2.0,1.0,2.0,2.0,1.0,,2.0,0.0,,,,,,,
158,,,,,,1.0,0.0,1.0,2.0,,2.0,2.0,4.0,0.0,3.0,1.0,1.0,1.0,1.0,1.0,1.0,,1.0,0.0,2.0,,,,,,
159,,,,,,4.0,1.0,0.0,0.0,,2.0,1.0,1.0,2.0,2.0,0.0,3.0,1.0,0.0,0.0,2.0,,1.0,0.0,2.0,,,,,,
160,,,,,,0.0,4.0,2.0,1.0,,2.0,2.0,2.0,1.0,1.0,1.0,1.0,5.0,3.0,0.0,1.0,,1.0,1.0,0.0,,,,,,
161,,,,,,1.0,5.0,2.0,0.0,,0.0,6.0,0.0,1.0,1.0,0.0,2.0,0.0,1.0,0.0,0.0,,3.0,0.0,0.0,,,,,,
162,,,,,,1.0,1.0,2.0,3.0,,1.0,0.0,0.0,3.0,3.0,3.0,1.0,2.0,5.0,1.0,0.0,,1.0,1.0,1.0,,,,,,
163,,,,,,4.0,2.0,5.0,0.0,,1.0,0.0,1.0,0.0,3.0,1.0,2.0,4.0,0.0,1.0,1.0,,1.0,2.0,3.0,,,,,,
164,,,,,,5.0,1.0,0.0,3.0,,4.0,4.0,2.0,1.0,1.0,2.0,0.0,0.0,2.0,0.0,1.0,,2.0,0.0,1.0,,,,,,
165,,,,,,3.0,1.0,0.0,1.0,,0.0,1.0,0.0,1.0,3.0,1.0,1.0,0.0,2.0,1.0,1.0,,1.0,4.0,1.0,,,,,,
166,,,,,,3.0,0.0,1.0,0.0,,0.0,1.0,2.0,0.0,2.0,0.0,7.0,0.0,1.0,2.0,0.0,,2.0,0.0,0.0,,,,,,
167,,,,,,5.0,5.0,0.0,1.0,,0.0,2.0,1.0,3.0,1.0,2.0,2.0,2.0,2.0,2.0,0.0,,0.0,0.0,1.0,,,,,,
168,,,,,,3.0,2.0,2.0,3.0,,1.0,2.0,3.0,0.0,4.0,0.0,0.0,1.0,0.0,0.0,1.0,,0.0,1.0,2.0,,,,,,
169,,,,,,4.0,5.0,0.0,3.0,,0.0,2.0,2.0,2.0,7.0,3.0,2.0,1.0,5.0,2.0,1.0,,1.0,2.0,4.0,,,,,,
170,,1.0,,,1.0,5.0,3.0,2.0,0.0,,1.0,2.0,2.0,0.0,6.0,3.0,1.0,2.0,3.0,0.0,2.0,,,,0.0,,,,,,
171,,1.0,,,1.0,5.0,6.0,5.0,1.0,,3.0,4.0,0.0,0.0,4.0,1.0,1.0,2.0,2.0,0.0,1.0,,,,1.0,,,,,,
172,,1.0,,,1.0,2.0,1.0,1.0,1.0,,1.0,2.0,4.0,2.0,1.0,1.0,2.0,1.0,2.0,2.0,2.0,,,,3.0,,,,,,
173,,0.0,,,0.0,1.0,3.0,1.0,0.0,,2.0,1.0,1.0,3.0,3.0,1.0,5.0,0.0,3.0,2.0,4.0,,,,3.0,,,,,,
174,,0.0,,,2.0,3.0,5.0,3.0,2.0,,3.0,1.0,0.0,0.0,0.0,4.0,1.0,0.0,0.0,2.0,0.0,,,,0.0,,,,,,
175,,0.0,,,0.0,4.0,1.0,2.0,4.0,,0.0,0.0,0.0,1.0,4.0,0.0,3.0,0.0,0.0,0.0,0.0,,,,0.0,,,,,,
176,,2.0,,,2.0,3.0,0.0,3.0,2.0,,1.0,3.0,2.0,3.0,4.0,2.0,0.0,3.0,3.0,0.0,0.0,,,,0.0,,,,,,
177,,2.0,,,1.0,2.0,1.0,0.0,2.0,,3.0,0.0,,,2.0,1.0,3.0,2.0,2.0,3.0,1.0,,,,0.0,,,,,,
178,,0.0,,,1.0,2.0,0.0,1.0,0.0,,2.0,5.0,1.0,4.0,4.0,0.0,3.0,3.0,3.0,2.0,0.0,,,,2.0,,,,,,
179,,2.0,,,2.0,0.0,1.0,0.0,1.0,,4.0,1.0,1.0,3.0,1.0,4.0,4.0,0.0,4.0,4.0,0.0,,,,3.0,,,,,,
180,,0.0,,,0.0,3.0,3.0,0.0,0.0,,0.0,,1.0,1.0,4.0,1.0,4.0,0.0,0.0,2.0,3.0,,,,,,,,,,
181,,1.0,,,2.0,1.0,1.0,1.0,2.0,,0.0,1.0,2.0,0.0,1.0,3.0,3.0,0.0,0.0,3.0,1.0,,,,5.0,,,,,,
182,,0.0,,,0.0,2.0,5.0,1.0,0.0,,3.0,1.0,0.0,0.0,1.0,0.0,3.0,0.0,1.0,2.0,1.0,,,,1.0,,,,,,
183,,0.0,,,0.0,2.0,4.0,1.0,2.0,,2.0,1.0,0.0,1.0,2.0,2.0,2.0,1.0,3.0,1.0,1.0,,,,0.0,,,,,,
184,,0.0,,,0.0,4.0,2.0,1.0,1.0,,2.0,5.0,4.0,2.0,2.0,2.0,2.0,1.0,0.0,1.0,0.0,,,,0.0,,,,,,
185,,0.0,,,3.0,3.0,1.0,0.0,2.0,,1.0,3.0,0.0,0.0,3.0,0.0,5.0,2.0,1.0,0.0,1.0,,,,1.0,,,,,,
186,,0.0,,,1.0,0.0,4.0,1.0,1.0,,2.0,2.0,0.0,0.0,0.0,3.0,2.0,3.0,0.0,0.0,0.0,,,,2.0,,,,,,
187,,1.0,,,2.0,4.0,2.0,0.0,1.0,,2.0,0.0,3.0,0.0,1.0,2.0,1.0,1.0,0.0,3.0,0.0,,,,0.0,,,,,,
188,,0.0,,,0.0,4.0,0.0,0.0,1.0,,1.0,4.0,0.0,0.0,0.0,1.0,1.0,0.0,1.0,1.0,3.0,,,,0.0,,,,,,
189,,0.0,,,2.0,4.0,1.0,2.0,3.0,,1.0,0.0,2.0,3.0,7.0,3.0,3.0,1.0,0.0,0.0,1.0,,,,2.0,,,,,,
190,,0.0,,,2.0,0.0,2.0,1.0,1.0,,3.0,2.0,3.0,0.0,7.0,0.0,0.0,1.0,1.0,0.0,0.0,,,,1.0,,,,,,
191,,0.0,,,2.0,4.0,2.0,0.0,1.0,,1.0,1.0,1.0,0.0,2.0,3.0,1.0,1.0,0.0,0.0,2.0,,,,4.0,,,,,,
192,,1.0,,,0.0,3.0,2.0,0.0,0.0,,0.0,1.0,0.0,1.0,3.0,2.0,3.0,1.0,1.0,4.0,0.0,,,,1.0,,,,,,
193,,,,,0.0,,,2.0,2.0,,,1.0,2.0,0.0,,2.0,,0.0,2.0,,1.0,,,,,,,,,,
194,,1.0,,,2.0,4.0,1.0,1.0,2.0,,1.0,1.0,3.0,2.0,4.0,2.0,3.0,0.0,1.0,2.0,0.0,,,,0.0,,,,,,
195,,0.0,,,0.0,4.0,0.0,0.0,2.0,,1.0,3.0,2.0,1.0,4.0,0.0,3.0,2.0,1.0,1.0,1.0,,,,1.0,,,,,,
196,,2.0,,,1.0,2.0,1.0,0.0,0.0,,2.0,2.0,1.0,4.0,4.0,1.0,2.0,4.0,1.0,3.0,1.0,,,,0.0,,,,,,
197,,0.0,,,0.0,3.0,4.0,,1.0,,1.0,0.0,2.0,0.0,2.0,1.0,2.0,1.0,0.0,3.0,0.0,,,,2.0,,,,,,
198,,1.0,,,2.0,1.0,3.0,2.0,4.0,,3.0,3.0,2.0,0.0,2.0,1.0,1.0,1.0,1.0,2.0,2.0,,,,0.0,,,,,,
199,,2.0,,,0.0,3.0,1.0,2.0,2.0,,7.0,4.0,2.0,2.0,2.0,0.0,1.0,2.0,1.0,0.0,1.0,,,,1.0,,,,,,
200,,0.0,,,0.0,2.0,4.0,0.0,1.0,,3.0,1.0,2.0,1.0,1.0,3.0,2.0,0.0,2.0,1.0,1.0,,,,0.0,,,,,,
201,,1.0,,,1.0,4.0,4.0,1.0,0.0,,2.0,4.0,0.0,2.0,0.0,2.0,1.0,2.0,1.0,4.0,2.0,,,,2.0,,,,,,
202,,0.0,,,0.0,4.0,2.0,0.0,2.0,,2.0,1.0,3.0,3.0,2.0,0.0,0.0,3.0,2.0,1.0,3.0,,,,6.0,,,,,,
203,,0.0,,,1.0,0.0,2.0,3.0,0.0,,2.0,0.0,1.0,3.0,6.0,2.0,1.0,1.0,1.0,1.0,3.0,,,,3.0,,,,,,
204,0.0,,,,,1.0,,0.0,2.0,,2.0,2.0,0.0,1.0,2.0,2.0,3.0,0.0,0.0,1.0,0.0,,,,,1.0,,,,,
205,1.0,,,,,2.0,2.0,1.0,2.0,,5.0,4.0,0.0,0.0,3.0,1.0,2.0,1.0,1.0,1.0,0.0,,,,1.0,2.0,,,,,
206,1.0,,,,,3.0,1.0,1.0,3.0,,0.0,0.0,3.0,1.0,2.0,0.0,5.0,1.0,0.0,1.0,1.0,,,,1.0,2.0,,,,,
207,1.0,,,,,1.0,2.0,0.0,2.0,,1.0,0.0,0.0,0.0,3.0,1.0,7.0,0.0,4.0,0.0,0.0,,,,1.0,2.0,,,,,
208,1.0,,,,,0.0,2.0,1.0,2.0,,1.0,0.0,0.0,2.0,5.0,0.0,4.0,1.0,1.0,1.0,1.0,,,,0.0,0.0,,,,,
209,2.0,,,,,2.0,4.0,3.0,2.0,,2.0,1.0,1.0,1.0,3.0,2.0,1.0,1.0,2.0,0.0,0.0,,,,0.0,0.0,,,,,
210,1.0,,,,,3.0,2.0,3.0,1.0,,2.0,3.0,4.0,0.0,1.0,2.0,3.0,2.0,2.0,2.0,1.0,,,,2.0,0.0,,,,,
211,0.0,,,,,3.0,0.0,1.0,0.0,,3.0,2.0,2.0,0.0,4.0,3.0,0.0,3.0,0.0,1.0,1.0,,,,1.0,0.0,,,,,
212,2.0,,,,,1.0,0.0,1.0,2.0,,1.0,3.0,1.0,1.0,1.0,3.0,5.0,2.0,1.0,3.0,0.0,,,,1.0,0.0,,,,,
213,0.0,,,,,1.0,0.0,4.0,4.0,,0.0,0.0,0.0,1.0,3.0,5.0,2.0,0.0,1.0,1.0,1.0,,,,0.0,1.0,,,,,
214,0.0,,,,,3.0,0.0,1.0,1.0,,4.0,3.0,3.0,1.0,0.0,0.0,2.0,1.0,3.0,0.0,1.0,,,,1.0,2.0,,,,,
215,1.0,,,,,4.0,2.0,1.0,4.0,,2.0,2.0,0.0,3.0,3.0,4.0,0.0,1.0,0.0,0.0,0.0,,,,0.0,3.0,,,,,
216,,,,,,3.0,0.0,1.0,,,2.0,0.0,,,7.0,,2.0,,,,0.0,,,,0.0,1.0,,,,,
217,2.0,,,,,3.0,4.0,,1.0,,1.0,1.0,0.0,0.0,2.0,0.0,2.0,1.0,0.0,1.0,2.0,,,,3.0,0.0,,,,,
218,2.0,,,,,0.0,2.0,0.0,3.0,,3.0,0.0,1.0,3.0,1.0,0.0,3.0,1.0,2.0,2.0,0.0,,,,3.0,1.0,,,,,
219,1.0,,,,,4.0,2.0,1.0,0.0,,3.0,2.0,1.0,1.0,1.0,0.0,3.0,0.0,0.0,3.0,0.0,,,,2.0,1.0,,,,,
220,1.0,,,,,1.0,2.0,2.0,2.0,,4.0,1.0,1.0,1.0,6.0,1.0,0.0,0.0,1.0,3.0,1.0,,,,1.0,3.0,,,,,
221,0.0,,,,,1.0,1.0,3.0,1.0,,0.0,4.0,1.0,1.0,1.0,0.0,2.0,1.0,0.0,2.0,1.0,,,,2.0,0.0,,,,,
222,0.0,,,,,2.0,3.0,2.0,0.0,,0.0,0.0,2.0,1.0,0.0,2.0,1.0,5.0,2.0,1.0,1.0,,,,0.0,2.0,,,,,
223,1.0,,,,,2.0,1.0,4.0,0.0,,2.0,1.0,0.0,2.0,4.0,1.0,4.0,2.0,2.0,3.0,0.0,,,,0.0,0.0,,,,,
224,0.0,,,,,3.0,2.0,0.0,1.0,,3.0,2.0,3.0,3.0,3.0,1.0,1.0,3.0,0.0,0.0,1.0,,,,0.0,0.0,,,,,
225,0.0,,,,,1.0,2.0,1.0,1.0,,4.0,0.0,1.0,0.0,3.0,1.0,1.0,1.0,3.0,2.0,1.0,,,,1.0,0.0,,,,,
226,0.0,,,,,3.0,6.0,3.0,0.0,,1.0,2.0,3.0,2.0,4.0,1.0,2.0,0.0,0.0,1.0,0.0,,,,3.0,1.0,,,,,
227,3.0,,,,,2.0,3.0,2.0,0.0,,2.0,1.0,0.0,2.0,1.0,0.0,1.0,0.0,1.0,1.0,2.0,,,,2.0,1.0,,,,,
228,0.0,,,,,4.0,6.0,0.0,3.0,,1.0,3.0,2.0,5.0,3.0,1.0,2.0,0.0,2.0,0.0,1.0,,,,0.0,0.0,,,,,
229,1.0,,,,,0.0,0.0,2.0,1.0,,0.0,1.0,1.0,1.0,1.0,5.0,3.0,2.0,0.0,1.0,1.0,,,,2.0,0.0,,,,,
230,0.0,,,,,1.0,2.0,1.0,1.0,,2.0,1.0,1.0,0.0,0.0,2.0,1.0,0.0,2.0,3.0,1.0,,,,1.0,1.0,,,,,
231,1.0,,,,,3.0,1.0,1.0,0.0,,2.0,5.0,1.0,0.0,0.0,3.0,1.0,2.0,1.0,2.0,1.0,,,,2.0,0.0,,,,,
232,0.0,,,,,2.0,1.0,3.0,1.0,,1.0,2.0,2.0,1.0,4.0,1.0,,4.0,,2.0,1.0,,,,1.0,1.0,,,,,
233,5.0,,,,,1.0,1.0,0.0,0.0,,1.0,2.0,2.0,2.0,1.0,1.0,0.0,1.0,2.0,1.0,0.0,,,,0.0,2.0,,,,,
234,2.0,,,,,6.0,4.0,1.0,2.0,,2.0,2.0,1.0,4.0,2.0,1.0,4.0,1.0,2.0,1.0,0.0,,,,0.0,1.0,,,,,
235,1.0,,,,,3.0,5.0,1.0,0.0,,3.0,1.0,0.0,2.0,0.0,2.0,8.0,1.0,1.0,3.0,,0.0,,,2.0,3.0,,,,,
236,2.0,,,,,0.0,2.0,2.0,1.0,,5.0,1.0,1.0,0.0,0.0,1.0,3.0,1.0,1.0,1.0,,1.0,,,0.0,0.0,,,,,
237,1.0,,,,,3.0,3.0,5.0,0.0,,1.0,2.0,2.0,1.0,4.0,0.0,2.0,0.0,2.0,2.0,,3.0,,,0.0,1.0,,,,,
238,0.0,,,,,2.0,0.0,0.0,1.0,,3.0,2.0,2.0,2.0,1.0,0.0,2.0,0.0,1.0,1.0,,3.0,,,0.0,3.0,,,,,
239,0.0,,,,,2.0,2.0,1.0,1.0,,0.0,0.0,2.0,0.0,1.0,4.0,2.0,0.0,0.0,1.0,,0.0,,,0.0,0.0,,,,,
240,1.0,,,,,0.0,3.0,2.0,3.0,,0.0,1.0,4.0,0.0,3.0,3.0,2.0,2.0,2.0,4.0,,3.0,,,2.0,0.0,,,,,
241,0.0,,,,,4.0,3.0,1.0,2.0,,0.0,1.0,2.0,0.0,2.0,1.0,2.0,2.0,0.0,2.0,,0.0,,,1.0,1.0,,,,,
242,1.0,,,,,3.0,4.0,2.0,0.0,,4.0,2.0,4.0,2.0,0.0,0.0,1.0,1.0,1.0,2.0,,1.0,,,0.0,0.0,,,,,
243,1.0,,,,,3.0,2.0,1.0,0.0,,0.0,1.0,4.0,0.0,2.0,2.0,5.0,0.0,0.0,0.0,,2.0,,,2.0,0.0,,,,,
244,0.0,,,,,3.0,3.0,0.0,0.0,,2.0,1.0,0.0,2.0,2.0,1.0,2.0,1.0,0.0,2.0,,2.0,,,2.0,0.0,,,,,
245,2.0,,,,,1.0,0.0,2.0,1.0,,1.0,1.0,7.0,3.0,5.0,4.0,5.0,1.0,1.0,1.0,,1.0,,,1.0,0.0,,,,,
246,2.0,,,,,4.0,1.0,2.0,0.0,,2.0,0.0,1.0,1.0,3.0,3.0,2.0,1.0,0.0,4.0,,0.0,,,0.0,2.0,,,,,
247,3.0,,,,,5.0,0.0,0.0,1.0,,1.0,3.0,2.0,3.0,1.0,0.0,3.0,4.0,2.0,2.0,,6.0,,,5.0,1.0,,,,,
248,1.0,,,,,1.0,6.0,3.0,2.0,,3.0,1.0,0.0,0.0,4.0,0.0,5.0,2.0,0.0,0.0,,0.0,,,0.0,1.0,,,,,
249,3.0,,,,,2.0,2.0,0.0,1.0,,1.0,0.0,3.0,1.0,3.0,3.0,2.0,2.0,2.0,0.0,,1.0,,,1.0,2.0,,,,,
250,0.0,,,,,3.0,3.0,2.0,0.0,,1.0,2.0,5.0,1.0,1.0,4.0,2.0,1.0,3.0,0.0,,1.0,,,2.0,0.0,,,,,
251,2.0,,,,,4.0,2.0,1.0,1.0,,2.0,2.0,0.0,0.0,3.0,4.0,0.0,0.0,2.0,1.0,,0.0,,,2.0,0.0,,,,,
252,3.0,,,,,2.0,2.0,0.0,0.0,,0.0,2.0,0.0,2.0,3.0,2.0,2.0,2.0,2.0,2.0,,1.0,,,1.0,2.0,,,,,
253,,,,,,,,,,,,,,0.0,,,,,2.0,,,,,,,,,,,,
254,2.0,,,,,3.0,2.0,0.0,1.0,,1.0,2.0,2.0,1.0,1.0,3.0,3.0,0.0,4.0,2.0,,1.0,,,1.0,0.0,,,,,
255,0.0,,,,,0.0,3.0,1.0,1.0,,5.0,2.0,3.0,0.0,3.0,0.0,3.0,2.0,1.0,2.0,,0.0,,,1.0,1.0,,,,,
256,2.0,,,,,2.0,4.0,1.0,1.0,,1.0,2.0,2.0,2.0,1.0,1.0,3.0,1.0,2.0,1.0,,1.0,,,1.0,2.0,,,,,
257,1.0,,,,,1.0,2.0,1.0,2.0,,0.0,1.0,3.0,0.0,0.0,0.0,2.0,0.0,0.0,2.0,,0.0,,,1.0,0.0,,,,,
258,1.0,,,,,2.0,2.0,0.0,0.0,,1.0,0.0,2.0,2.0,2.0,0.0,1.0,1.0,3.0,1.0,,2.0,,,1.0,0.0,,,,,
259,0.0,,,,,1.0,1.0,3.0,3.0,,0.0,1.0,0.0,0.0,3.0,1.0,1.0,0.0,2.0,0.0,,0.0,,,3.0,0.0,,,,,
260,0.0,,,,,2.0,0.0,0.0,0.0,,1.0,1.0,3.0,0.0,1.0,2.0,4.0,0.0,1.0,3.0,,3.0,,,1.0,3.0,,,,,
261,0.0,,,,,0.0,4.0,0.0,0.0,,1.0,0.0,1.0,3.0,0.0,2.0,0.0,4.0,1.0,0.0,,0.0,,,2.0,1.0,,,,,
262,4.0,,,,,1.0,5.0,2.0,3.0,,4.0,2.0,1.0,0.0,0.0,0.0,0.0,0.0,2.0,1.0,,1.0,,,2.0,0.0,,,,,
263,2.0,,,,,1.0,3.0,0.0,0.0,,2.0,0.0,3.0,1.0,1.0,0.0,2.0,0.0,1.0,1.0,,3.0,,,1.0,0.0,,,,,
264,0.0,,,,,1.0,2.0,3.0,2.0,,1.0,2.0,1.0,0.0,0.0,3.0,4.0,2.0,1.0,4.0,,0.0,,,1.0,1.0,,,,,
265,1.0,,,,,2.0,2.0,1.0,3.0,,3.0,2.0,0.0,1.0,1.0,0.0,1.0,1.0,0.0,4.0,,0.0,,,0.0,4.0,,,,,
266,2.0,,,,,1.0,5.0,1.0,1.0,,1.0,2.0,1.0,1.0,1.0,1.0,3.0,1.0,0.0,,,2.0,,,,3.0,,,,,
267,1.0,,,,,5.0,2.0,2.0,0.0,,5.0,7.0,2.0,0.0,1.0,1.0,2.0,3.0,1.0,0.0,,3.0,,,2.0,0.0,,,,,
268,1.0,,,,1.0,2.0,8.0,0.0,,,0.0,1.0,2.0,0.0,3.0,2.0,4.0,1.0,0.0,3.0,,0.0,,,,0.0,0.0,,,,
269,2.0,,,,2.0,5.0,4.0,2.0,,,1.0,2.0,2.0,2.0,5.0,1.0,0.0,0.0,0.0,0.0,,1.0,,,,1.0,3.0,,,,
270,3.0,,,,2.0,0.0,2.0,2.0,,,3.0,5.0,0.0,0.0,2.0,1.0,3.0,0.0,4.0,2.0,,0.0,,,,1.0,3.0,,,,
271,2.0,,,,3.0,1.0,1.0,2.0,,,5.0,1.0,3.0,1.0,3.0,0.0,2.0,0.0,1.0,0.0,,2.0,,,,0.0,2.0,,,,
272,1.0,,,,2.0,4.0,3.0,3.0,,,2.0,0.0,3.0,1.0,0.0,0.0,2.0,0.0,3.0,3.0,,1.0,,,,1.0,1.0,,,,
273,0.0,,,,0.0,1.0,6.0,2.0,,,0.0,3.0,0.0,0.0,2.0,4.0,1.0,1.0,1.0,1.0,,3.0,,,,2.0,1.0,,,,
274,2.0,,,,0.0,3.0,2.0,2.0,,,9.0,1.0,0.0,0.0,1.0,0.0,2.0,0.0,1.0,2.0,,2.0,,,,0.0,1.0,,,,
275,0.0,,,,4.0,3.0,0.0,1.0,,,1.0,1.0,0.0,0.0,1.0,2.0,0.0,0.0,0.0,1.0,,0.0,,,,2.0,1.0,,,,
276,1.0,,,,0.0,4.0,1.0,0.0,,,4.0,1.0,2.0,0.0,0.0,1.0,3.0,5.0,2.0,1.0,,1.0,,,,1.0,0.0,,,,
277,3.0,,,,0.0,1.0,4.0,0.0,,,2.0,2.0,3.0,1.0,2.0,0.0,4.0,0.0,1.0,0.0,,4.0,,,,0.0,2.0,,,,
278,0.0,,,,1.0,1.0,2.0,4.0,,,1.0,5.0,1.0,1.0,2.0,0.0,1.0,3.0,1.0,1.0,,1.0,,,,0.0,2.0,,,,
279,1.0,,,,3.0,4.0,4.0,3.0,,,2.0,0.0,1.0,0.0,2.0,1.0,2.0,2.0,0.0,3.0,,1.0,,,,0.0,0.0,,,,
280,1.0,,,,0.0,1.0,1.0,7.0,,,1.0,3.0,2.0,6.0,6.0,2.0,1.0,0.0,3.0,1.0,,0.0,,,,0.0,0.0,,,,
281,1.0,,,,0.0,2.0,3.0,1.0,,,4.0,4.0,2.0,2.0,0.0,2.0,2.0,0.0,3.0,2.0,,0.0,,,,2.0,0.0,,,,
282,3.0,,,,1.0,,,3.0,,,5.0,2.0,1.0,0.0,,3.0,,1.0,1.0,1.0,,0.0,,,,1.0,1.0,,,,
283,,,,,2.0,4.0,1.0,1.0,,,1.0,1.0,2.0,1.0,2.0,0.0,1.0,0.0,,2.0,,2.0,,,,1.0,2.0,,,,
284,1.0,,,,0.0,2.0,2.0,2.0,,,1.0,2.0,2.0,3.0,1.0,2.0,1.0,0.0,0.0,3.0,,1.0,,,,0.0,2.0,,,,
285,0.0,,,,0.0,1.0,6.0,2.0,,,2.0,1.0,2.0,1.0,0.0,3.0,1.0,2.0,0.0,3.0,,2.0,,,,2.0,0.0,,,,
286,6.0,,,,1.0,1.0,1.0,3.0,,,4.0,1.0,3.0,0.0,1.0,2.0,0.0,1.0,1.0,1.0,,2.0,,,,0.0,1.0,,,,
287,2.0,,,,0.0,2.0,2.0,0.0,,,3.0,0.0,1.0,3.0,1.0,2.0,0.0,2.0,2.0,1.0,,1.0,,,,5.0,0.0,,,,
288,2.0,,,,1.0,2.0,3.0,2.0,,,7.0,1.0,0.0,0.0,0.0,0.0,0.0,2.0,1.0,1.0,,1.0,,,,0.0,0.0,,,,
289,0.0,,,,1.0,1.0,1.0,0.0,,,1.0,2.0,2.0,1.0,3.0,2.0,2.0,5.0,1.0,1.0,,1.0,,,,1.0,1.0,,,,
290,2.0,,,,0.0,1.0,6.0,1.0,,,2.0,3.0,1.0,0.0,1.0,0.0,1.0,0.0,1.0,2.0,,1.0,,,,2.0,4.0,,,,
291,2.0,,,,1.0,4.0,3.0,1.0,,,2.0,1.0,0.0,0.0,3.0,1.0,0.0,3.0,2.0,5.0,,0.0,,,,3.0,2.0,,,,
292,0.0,,,,1.0,1.0,4.0,3.0,,,0.0,1.0,1.0,2.0,1.0,1.0,1.0,3.0,3.0,1.0,,0.0,,,,2.0,3.0,,,,
293,4.0,,,,1.0,,,1.0,,,3.0,1.0,,1.0,,2.0,,3.0,0.0,2.0,,1.0,,,,2.0,,,,,
294,2.0,,,,0.0,1.0,4.0,2.0,,,1.0,1.0,4.0,1.0,4.0,3.0,2.0,4.0,2.0,0.0,,0.0,,,,0.0,1.0,,,,
295,3.0,,,,0.0,3.0,1.0,2.0,,,4.0,3.0,2.0,2.0,2.0,3.0,0.0,2.0,3.0,0.0,,0.0,,,,1.0,1.0,,,,
296,2.0,,,,1.0,0.0,4.0,0.0,,,2.0,0.0,1.0,2.0,1.0,1.0,2.0,0.0,3.0,1.0,,2.0,,,,0.0,1.0,,,,
297,0.0,,,,1.0,2.0,4.0,1.0,,,3.0,0.0,1.0,2.0,3.0,3.0,3.0,2.0,2.0,1.0,,0.0,,,,0.0,2.0,,,,
298,4.0,,,,1.0,1.0,,1.0,,,2.0,4.0,1.0,3.0,1.0,0.0,1.0,1.0,1.0,,,1.0,,,,0.0,1.0,,,,
299,0.0,,,,0.0,1.0,5.0,1.0,,,5.0,0.0,2.0,0.0,3.0,0.0,1.0,3.0,1.0,0.0,,0.0,,,,1.0,3.0,,,,
300,2.0,,,,0.0,5.0,1.0,1.0,,,3.0,1.0,1.0,2.0,1.0,0.0,1.0,2.0,2.0,4.0,,,,2.0,5.0,3.0,,,,,
301,0.0,,,,1.0,1.0,1.0,0.0,,,2.0,0.0,1.0,3.0,5.0,0.0,0.0,1.0,1.0,2.0,,,,0.0,3.0,2.0,,,,,
302,1.0,,,,2.0,0.0,2.0,1.0,,,2.0,0.0,2.0,0.0,2.0,1.0,1.0,1.0,3.0,1.0,,,,1.0,0.0,1.0,,,,,
303,2.0,,,,0.0,1.0,3.0,0.0,,,2.0,2.0,3.0,2.0,1.0,0.0,5.0,1.0,4.0,3.0,,,,0.0,0.0,1.0,,,,,
304,0.0,,,,0.0,3.0,2.0,3.0,,,5.0,0.0,0.0,2.0,0.0,2.0,6.0,2.0,4.0,3.0,,,,2.0,0.0,2.0,,,,,
305,1.0,,,,0.0,1.0,1.0,0.0,,,2.0,2.0,2.0,1.0,0.0,1.0,2.0,3.0,2.0,0.0,,,,0.0,2.0,0.0,,,,,
306,0.0,,,,1.0,2.0,2.0,0.0,,,2.0,3.0,2.0,1.0,2.0,0.0,3.0,0.0,0.0,3.0,,,,0.0,1.0,3.0,,,,,
307,0.0,,,,1.0,2.0,2.0,2.0,,,3.0,0.0,0.0,0.0,4.0,3.0,3.0,2.0,1.0,0.0,,,,3.0,1.0,0.0,,,,,
308,2.0,,,,0.0,0.0,5.0,2.0,,,1.0,1.0,0.0,2.0,5.0,0.0,3.0,1.0,2.0,5.0,,,,0.0,0.0,0.0,,,,,
309,4.0,,,,0.0,1.0,4.0,2.0,,,3.0,3.0,1.0,1.0,1.0,1.0,1.0,0.0,3.0,3.0,,,,0.0,0.0,0.0,,,,,
310,3.0,,,,3.0,4.0,0.0,4.0,,,0.0,1.0,6.0,3.0,3.0,0.0,2.0,1.0,1.0,0.0,,,,3.0,1.0,0.0,,,,,
311,4.0,,,,1.0,2.0,1.0,1.0,,,2.0,1.0,2.0,0.0,1.0,1.0,2.0,6.0,0.0,0.0,,,,1.0,1.0,1.0,,,,,
312,2.0,,,,3.0,4.0,2.0,2.0,,,3.0,3.0,6.0,1.0,1.0,0.0,2.0,1.0,0.0,2.0,,,,1.0,4.0,0.0,,,,,
313,1.0,,,,0.0,1.0,3.0,0.0,,,2.0,1.0,4.0,1.0,0.0,1.0,1.0,2.0,0.0,1.0,,,,0.0,1.0,2.0,,,,,
314,4.0,,,,0.0,1.0,6.0,0.0,,,1.0,2.0,2.0,0.0,0.0,0.0,2.0,0.0,2.0,5.0,,,,3.0,0.0,1.0,,,,,
315,2.0,,,,0.0,0.0,3.0,3.0,,,3.0,1.0,0.0,3.0,3.0,3.0,1.0,0.0,1.0,2.0,,,,1.0,0.0,0.0,,,,,
316,1.0,,,,1.0,1.0,4.0,1.0,,,3.0,1.0,2.0,0.0,1.0,1.0,2.0,2.0,1.0,1.0,,,,0.0,2.0,2.0,,,,,
317,3.0,,,,0.0,2.0,0.0,3.0,,,2.0,0.0,2.0,1.0,1.0,0.0,2.0,0.0,2.0,1.0,,,,0.0,1.0,1.0,,,,,
318,0.0,,,,0.0,3.0,0.0,0.0,,,1.0,3.0,0.0,0.0,0.0,2.0,2.0,1.0,1.0,1.0,,,,1.0,0.0,1.0,,,,,
319,1.0,,,,2.0,5.0,1.0,3.0,,,3.0,0.0,2.0,1.0,0.0,4.0,3.0,1.0,1.0,0.0,,,,3.0,1.0,1.0,,,,,
320,0.0,,,,0.0,2.0,2.0,2.0,,,1.0,0.0,2.0,0.0,0.0,0.0,2.0,1.0,1.0,2.0,,,,1.0,1.0,0.0,,,,,
321,1.0,,,,0.0,1.0,2.0,0.0,,,3.0,0.0,2.0,1.0,2.0,3.0,2.0,2.0,1.0,0.0,,,,1.0,1.0,0.0,,,,,
322,1.0,,,,1.0,2.0,2.0,0.0,,,3.0,3.0,1.0,0.0,2.0,2.0,3.0,1.0,3.0,0.0,,,,1.0,0.0,3.0,,,,,
323,0.0,,,,1.0,1.0,1.0,0.0,,,2.0,0.0,1.0,1.0,2.0,0.0,1.0,0.0,1.0,1.0,,,,1.0,1.0,0.0,,,,,
324,1.0,,,,0.0,0.0,3.0,0.0,,,5.0,0.0,2.0,0.0,1.0,0.0,1.0,0.0,3.0,2.0,,,,1.0,3.0,1.0,,,,,
325,1.0,,,,2.0,2.0,3.0,0.0,,,0.0,2.0,2.0,0.0,0.0,0.0,0.0,0.0,0.0,1.0,,,,0.0,0.0,0.0,,,,,
326,0.0,,,,0.0,2.0,2.0,0.0,,,1.0,1.0,1.0,2.0,1.0,0.0,4.0,1.0,0.0,1.0,,,,2.0,1.0,1.0,,,,,
327,2.0,,,,2.0,2.0,7.0,0.0,,,1.0,2.0,4.0,0.0,5.0,3.0,1.0,2.0,0.0,2.0,,,,0.0,1.0,1.0,,,,,
328,0.0,,,,0.0,6.0,2.0,2.0,,,1.0,1.0,0.0,3.0,1.0,2.0,1.0,1.0,0.0,1.0,,,,3.0,3.0,4.0,,,,,
329,0.0,,,,0.0,2.0,1.0,1.0,,,1.0,1.0,1.0,0.0,3.0,6.0,1.0,2.0,3.0,0.0,,,,1.0,2.0,0.0,,,,,
330,4.0,,,,1.0,1.0,0.0,2.0,,,2.0,0.0,3.0,1.0,2.0,1.0,0.0,1.0,0.0,1.0,,,,0.0,2.0,0.0,,,,,
331,1.0,,,,2.0,3.0,1.0,1.0,,,1.0,3.0,0.0,0.0,2.0,1.0,3.0,1.0,0.0,1.0,,,,2.0,3.0,1.0,,,,,
332,0.0,,,,,3.0,2.0,1.0,0.0,,0.0,0.0,2.0,3.0,2.0,1.0,2.0,0.0,2.0,0.0,,,,,1.0,3.0,3.0,,,,
333,0.0,,,,,1.0,4.0,1.0,1.0,,1.0,1.0,1.0,0.0,0.0,0.0,2.0,4.0,0.0,1.0,,,,,2.0,0.0,2.0,,,,
334,2.0,,,,,4.0,3.0,2.0,0.0,,1.0,1.0,1.0,1.0,1.0,0.0,6.0,0.0,2.0,1.0,,,,,0.0,0.0,2.0,,,,
335,0.0,,,,,3.0,0.0,,1.0,,0.0,0.0,2.0,0.0,4.0,1.0,2.0,,1.0,2.0,,,,,3.0,1.0,2.0,,,,
336,0.0,,,,,2.0,3.0,2.0,0.0,,0.0,3.0,1.0,1.0,1.0,4.0,2.0,1.0,2.0,0.0,,,,,2.0,0.0,1.0,,,,
337,1.0,,,,,3.0,6.0,2.0,0.0,,0.0,0.0,3.0,2.0,3.0,2.0,1.0,2.0,0.0,1.0,,,,,2.0,0.0,1.0,,,,
338,1.0,,,,,3.0,4.0,1.0,1.0,,0.0,2.0,2.0,2.0,1.0,3.0,0.0,1.0,0.0,1.0,,,,,0.0,1.0,0.0,,,,
339,0.0,,,,,3.0,3.0,1.0,4.0,,2.0,1.0,2.0,1.0,2.0,0.0,0.0,0.0,0.0,1.0,,,,,0.0,2.0,1.0,,,,
340,0.0,,,,,0.0,2.0,0.0,0.0,,1.0,2.0,3.0,1.0,3.0,2.0,1.0,1.0,0.0,1.0,,,,,1.0,1.0,1.0,,,,
341,2.0,,,,,1.0,4.0,0.0,0.0,,0.0,1.0,3.0,0.0,1.0,0.0,2.0,1.0,4.0,0.0,,,,,1.0,1.0,1.0,,,,
342,3.0,,,,,4.0,4.0,2.0,0.0,,1.0,1.0,4.0,4.0,1.0,0.0,2.0,0.0,1.0,0.0,,,,,2.0,2.0,0.0,,,,
343,2.0,,,,,1.0,5.0,1.0,0.0,,3.0,1.0,2.0,1.0,1.0,0.0,1.0,0.0,1.0,0.0,,,,,0.0,3.0,1.0,,,,
344,1.0,,,,,5.0,0.0,2.0,1.0,,3.0,2.0,1.0,0.0,1.0,2.0,1.0,0.0,4.0,4.0,,,,,1.0,1.0,0.0,,,,
345,0.0,,,,,4.0,5.0,0.0,3.0,,1.0,2.0,1.0,1.0,0.0,0.0,4.0,3.0,3.0,1.0,,,,,1.0,0.0,5.0,,,,
346,2.0,,,,,3.0,5.0,3.0,1.0,,3.0,2.0,3.0,1.0,2.0,1.0,2.0,2.0,1.0,2.0,,,,,0.0,3.0,0.0,,,,
347,2.0,,,,,2.0,0.0,2.0,0.0,,1.0,1.0,4.0,1.0,3.0,2.0,1.0,3.0,2.0,1.0,,,,,1.0,3.0,2.0,,,,
348,2.0,,,,,1.0,3.0,2.0,0.0,,0.0,3.0,3.0,1.0,2.0,2.0,0.0,0.0,1.0,4.0,,,,,1.0,4.0,3.0,,,,
349,1.0,,,,,,,,4.0,,,,,0.0,1.0,,3.0,,,,,,,,0.0,1.0,0.0,,,,
350,,,,,,,1.0,0.0,,,,,0.0,,,1.0,,2.0,1.0,,,,,,,,,,,,
351,0.0,,,,,3.0,1.0,0.0,0.0,,4.0,2.0,0.0,2.0,1.0,2.0,0.0,0.0,1.0,0.0,,,,,0.0,1.0,1.0,,,,
352,0.0,,,,,0.0,1.0,0.0,1.0,,1.0,0.0,2.0,2.0,1.0,0.0,0.0,1.0,2.0,1.0,,,,,2.0,0.0,0.0,,,,
353,1.0,,,,,2.0,3.0,0.0,0.0,,2.0,2.0,0.0,1.0,1.0,0.0,2.0,1.0,2.0,3.0,,,,,0.0,4.0,2.0,,,,
354,2.0,,,,,1.0,2.0,0.0,1.0,,0.0,0.0,2.0,0.0,0.0,1.0,2.0,4.0,2.0,2.0,,,,,3.0,0.0,0.0,,,,
355,1.0,,,,,1.0,4.0,2.0,1.0,,2.0,2.0,1.0,0.0,2.0,0.0,3.0,0.0,0.0,2.0,,,,,2.0,1.0,3.0,,,,
356,2.0,,,,,5.0,4.0,0.0,1.0,,1.0,2.0,2.0,2.0,3.0,0.0,3.0,1.0,2.0,2.0,,,,,1.0,2.0,1.0,,,,
357,0.0,,,,,1.0,3.0,1.0,0.0,,1.0,2.0,1.0,2.0,4.0,1.0,4.0,0.0,2.0,1.0,,,,,1.0,3.0,0.0,,,,
358,1.0,,,,,1.0,4.0,1.0,2.0,,1.0,2.0,3.0,3.0,1.0,0.0,6.0,0.0,0.0,3.0,,,,,1.0,1.0,0.0,,,,
359,0.0,,,,,1.0,5.0,3.0,1.0,,4.0,0.0,1.0,0.0,,,1.0,1.0,0.0,1.0,,,,,0.0,3.0,0.0,,,,
360,0.0,,,,,4.0,3.0,2.0,0.0,,2.0,4.0,3.0,1.0,0.0,2.0,3.0,0.0,3.0,0.0,,,,,0.0,2.0,2.0,,,,
361,1.0,,,,,1.0,1.0,0.0,1.0,,4.0,5.0,2.0,0.0,0.0,3.0,2.0,0.0,0.0,0.0,,,,,0.0,2.0,0.0,,,,
362,1.0,,,,,0.0,7.0,0.0,4.0,,0.0,0.0,2.0,0.0,0.0,1.0,0.0,0.0,1.0,4.0,,,,,2.0,1.0,0.0,,,,
363,0.0,,,,,3.0,4.0,3.0,0.0,,0.0,5.0,2.0,0.0,0.0,2.0,3.0,0.0,0.0,1.0,,,,,4.0,0.0,2.0,,,,
364,1.0,,,,,1.0,4.0,2.0,1.0,,2.0,3.0,2.0,2.0,6.0,2.0,1.0,1.0,0.0,3.0,,,,,2.0,4.0,2.0,,,,
365,,,,,3.0,3.0,2.0,1.0,,,1.0,0.0,0.0,0.0,3.0,3.0,1.0,1.0,1.0,2.0,,0.0,,,1.0,3.0,0.0,,,,
366,,,,,0.0,6.0,4.0,3.0,,,0.0,3.0,0.0,3.0,2.0,2.0,1.0,5.0,1.0,1.0,,3.0,,,1.0,0.0,1.0,,,,
367,,,,,1.0,3.0,3.0,3.0,,,3.0,0.0,3.0,0.0,1.0,0.0,1.0,2.0,1.0,2.0,,4.0,,,3.0,1.0,2.0,,,,
368,,,,,0.0,2.0,5.0,0.0,,,2.0,4.0,4.0,0.0,4.0,0.0,1.0,2.0,2.0,3.0,,1.0,,,2.0,2.0,0.0,,,,
369,,,,,2.0,3.0,2.0,0.0,,,2.0,2.0,2.0,0.0,0.0,1.0,1.0,1.0,2.0,1.0,,2.0,,,2.0,1.0,1.0,,,,
370,,,,,3.0,0.0,2.0,3.0,,,2.0,0.0,0.0,2.0,1.0,0.0,1.0,0.0,0.0,2.0,,0.0,,,4.0,0.0,2.0,,,,
371,,,,,0.0,1.0,2.0,0.0,,,2.0,2.0,2.0,1.0,0.0,2.0,1.0,3.0,2.0,1.0,,0.0,,,3.0,2.0,1.0,,,,
372,,,,,1.0,3.0,1.0,2.0,,,0.0,2.0,4.0,0.0,1.0,0.0,2.0,0.0,2.0,2.0,,1.0,,,0.0,1.0,0.0,,,,
373,,,,,2.0,4.0,3.0,2.0,,,0.0,4.0,1.0,2.0,0.0,1.0,1.0,2.0,0.0,1.0,,1.0,,,2.0,3.0,0.0,,,,
374,,,,,1.0,10.0,2.0,4.0,,,2.0,2.0,3.0,0.0,0.0,1.0,3.0,3.0,1.0,2.0,,2.0,,,2.0,1.0,0.0,,,,
375,,,,,0.0,0.0,4.0,0.0,,,2.0,2.0,1.0,2.0,1.0,0.0,2.0,0.0,2.0,5.0,,0.0,,,1.0,1.0,3.0,,,,
376,,,,,1.0,2.0,0.0,1.0,,,3.0,1.0,2.0,1.0,1.0,1.0,1.0,4.0,1.0,2.0,,1.0,,,1.0,2.0,4.0,,,,
377,,,,,,4.0,0.0,,,,2.0,,1.0,,2.0,5.0,2.0,1.0,2.0,0.0,,2.0,,,1.0,3.0,1.0,,,,
378,,,,,3.0,0.0,0.0,4.0,,,5.0,1.0,1.0,0.0,0.0,2.0,2.0,0.0,0.0,2.0,,1.0,,,3.0,0.0,0.0,,,,
379,,,,,1.0,2.0,2.0,1.0,,,2.0,1.0,4.0,1.0,2.0,1.0,2.0,2.0,4.0,0.0,,1.0,,,1.0,2.0,0.0,,,,
380,,,,,0.0,5.0,1.0,2.0,,,1.0,,2.0,1.0,1.0,1.0,2.0,1.0,,4.0,,,,,0.0,2.0,,,,,
381,,,,,0.0,0.0,1.0,1.0,,,6.0,1.0,2.0,1.0,1.0,0.0,0.0,3.0,3.0,2.0,,0.0,,,1.0,2.0,2.0,,,,
382,,,,,0.0,3.0,,,,,4.0,1.0,,1.0,,1.0,,,1.0,2.0,,2.0,,,2.0,,0.0,,,,
383,,,,,1.0,3.0,0.0,3.0,,,1.0,3.0,2.0,1.0,0.0,0.0,0.0,2.0,2.0,1.0,,0.0,,,3.0,0.0,0.0,,,,
384,,,,,,2.0,3.0,,,,1.0,2.0,2.0,1.0,1.0,5.0,6.0,1.0,0.0,4.0,,1.0,,,5.0,1.0,1.0,,,,
385,,,,,0.0,0.0,2.0,1.0,,,0.0,0.0,1.0,1.0,1.0,1.0,1.0,0.0,0.0,7.0,,2.0,,,1.0,1.0,3.0,,,,
386,,,,,1.0,4.0,2.0,3.0,,,2.0,2.0,1.0,3.0,2.0,0.0,0.0,2.0,0.0,1.0,,0.0,,,3.0,1.0,0.0,,,,
387,,,,,0.0,4.0,1.0,1.0,,,0.0,4.0,1.0,0.0,2.0,2.0,2.0,1.0,1.0,1.0,,4.0,,,2.0,1.0,0.0,,,,
388,,,,,1.0,0.0,0.0,1.0,,,3.0,1.0,1.0,4.0,5.0,1.0,2.0,1.0,3.0,1.0,,0.0,,,2.0,6.0,1.0,,,,
389,,,,,2.0,3.0,4.0,1.0,,,0.0,1.0,2.0,1.0,1.0,2.0,0.0,1.0,0.0,1.0,,2.0,,,5.0,4.0,0.0,,,,
390,,,,,1.0,2.0,3.0,1.0,,,1.0,1.0,2.0,1.0,2.0,1.0,2.0,2.0,1.0,0.0,,1.0,,,0.0,4.0,1.0,,,,
391,,,,,0.0,1.0,2.0,0.0,,,2.0,3.0,2.0,0.0,0.0,1.0,3.0,1.0,0.0,1.0,,0.0,,,3.0,4.0,0.0,,,,
392,,,,,1.0,0.0,3.0,2.0,,,2.0,5.0,2.0,4.0,0.0,2.0,1.0,1.0,3.0,3.0,,3.0,,,3.0,0.0,2.0,,,,
393,,,,,0.0,2.0,2.0,0.0,,,2.0,1.0,1.0,2.0,4.0,0.0,1.0,4.0,1.0,0.0,,0.0,,,1.0,6.0,1.0,,,,
394,,,,,1.0,2.0,2.0,0.0,,,3.0,5.0,1.0,1.0,6.0,2.0,3.0,1.0,1.0,1.0,,2.0,,,1.0,0.0,2.0,,,,
395,,,,,0.0,1.0,4.0,4.0,,,2.0,5.0,2.0,2.0,3.0,2.0,1.0,1.0,1.0,3.0,,1.0,,,1.0,2.0,2.0,,,,
396,,,,,1.0,2.0,2.0,1.0,,,1.0,0.0,4.0,0.0,2.0,1.0,5.0,5.0,1.0,4.0,,3.0,,,2.0,2.0,3.0,,,,
397,,,,,1.0,0.0,3.0,5.0,,,0.0,0.0,1.0,0.0,1.0,1.0,1.0,1.0,1.0,0.0,,4.0,,,0.0,3.0,0.0,,,,
398,,,,,1.0,1.0,4.0,0.0,2.0,,2.0,2.0,1.0,,2.0,0.0,3.0,2.0,0.0,1.0,,0.0,,,0.0,2.0,0.0,,,,
399,,,,,2.0,1.0,5.0,2.0,0.0,,1.0,0.0,2.0,,3.0,4.0,0.0,,1.0,4.0,,,,,2.0,2.0,0.0,,,,
400,,,,,1.0,3.0,2.0,1.0,2.0,,1.0,0.0,5.0,,1.0,2.0,4.0,0.0,2.0,2.0,,1.0,,,0.0,1.0,2.0,,,,
401,,,,,0.0,6.0,4.0,3.0,2.0,,2.0,1.0,4.0,,2.0,1.0,3.0,2.0,1.0,0.0,,1.0,,,3.0,1.0,1.0,,,,
402,,,,,1.0,3.0,3.0,3.0,1.0,,3.0,2.0,1.0,,3.0,0.0,4.0,0.0,1.0,0.0,,2.0,,,0.0,2.0,3.0,,,,
403,,,,,0.0,2.0,2.0,2.0,1.0,,3.0,0.0,5.0,,4.0,5.0,2.0,1.0,2.0,2.0,,0.0,,,2.0,2.0,0.0,,,,
404,,,,,2.0,7.0,1.0,0.0,2.0,,1.0,1.0,1.0,,1.0,2.0,2.0,0.0,1.0,3.0,,0.0,,,2.0,1.0,0.0,,,,
405,,,,,0.0,2.0,0.0,3.0,0.0,,1.0,4.0,2.0,,0.0,1.0,3.0,0.0,3.0,1.0,,2.0,,,3.0,2.0,1.0,,,,
406,,,,,1.0,1.0,2.0,0.0,0.0,,1.0,4.0,4.0,,4.0,1.0,2.0,0.0,2.0,1.0,,0.0,,,1.0,2.0,0.0,,,,
407,,,,,3.0,1.0,1.0,1.0,1.0,,4.0,0.0,1.0,,1.0,1.0,1.0,0.0,1.0,1.0,,0.0,,,1.0,2.0,4.0,,,,
408,,,,,0.0,2.0,4.0,1.0,0.0,,4.0,0.0,2.0,,0.0,1.0,1.0,3.0,3.0,6.0,,1.0,,,0.0,0.0,1.0,,,,
409,,,,,0.0,4.0,4.0,6.0,1.0,,2.0,1.0,4.0,,0.0,0.0,3.0,1.0,1.0,1.0,,0.0,,,0.0,1.0,0.0,,,,
410,,,,,1.0,3.0,2.0,2.0,1.0,,1.0,2.0,1.0,,4.0,0.0,,1.0,2.0,2.0,,,,,2.0,1.0,1.0,,,,
411,,,,,2.0,6.0,3.0,0.0,1.0,,2.0,3.0,0.0,,2.0,0.0,2.0,0.0,2.0,1.0,,1.0,,,1.0,1.0,1.0,,,,
412,,,,,1.0,0.0,4.0,2.0,0.0,,5.0,2.0,6.0,,2.0,4.0,1.0,3.0,0.0,3.0,,1.0,,,3.0,7.0,0.0,,,,
413,,,,,0.0,1.0,1.0,2.0,0.0,,5.0,0.0,2.0,,2.0,0.0,4.0,0.0,0.0,0.0,,0.0,,,2.0,0.0,2.0,,,,
414,,,,,1.0,5.0,4.0,0.0,3.0,,1.0,7.0,2.0,,3.0,1.0,1.0,2.0,2.0,1.0,,0.0,,,0.0,0.0,0.0,,,,
415,,,,,0.0,1.0,1.0,1.0,0.0,,2.0,3.0,5.0,,1.0,0.0,1.0,1.0,0.0,2.0,,3.0,,,3.0,1.0,2.0,,,,
416,,,,,1.0,3.0,2.0,0.0,4.0,,2.0,2.0,4.0,,4.0,1.0,0.0,2.0,1.0,1.0,,0.0,,,0.0,3.0,0.0,,,,
417,,,,,,1.0,0.0,2.0,3.0,,4.0,3.0,,,2.0,1.0,,0.0,0.0,0.0,,3.0,,,,1.0,1.0,,,,
418,,,,,1.0,4.0,2.0,1.0,0.0,,1.0,1.0,2.0,,3.0,1.0,2.0,0.0,0.0,0.0,,0.0,,,1.0,3.0,2.0,,,,
419,,,,,1.0,0.0,4.0,3.0,1.0,,1.0,1.0,4.0,,1.0,1.0,0.0,1.0,0.0,3.0,,1.0,,,1.0,2.0,4.0,,,,
420,,,,,2.0,3.0,4.0,0.0,1.0,,3.0,0.0,1.0,,2.0,0.0,3.0,4.0,4.0,0.0,,1.0,,,0.0,1.0,3.0,,,,
421,,,,,0.0,2.0,4.0,0.0,1.0,,0.0,1.0,6.0,,1.0,2.0,3.0,0.0,1.0,0.0,,0.0,,,0.0,1.0,2.0,,,,
422,,,,,0.0,1.0,3.0,1.0,0.0,,4.0,3.0,1.0,,1.0,3.0,2.0,3.0,3.0,1.0,,2.0,,,2.0,0.0,1.0,,,,
423,,,,,0.0,5.0,2.0,3.0,1.0,,1.0,1.0,0.0,,2.0,2.0,0.0,2.0,0.0,1.0,,2.0,,,0.0,0.0,0.0,,,,
424,,,,,0.0,0.0,2.0,1.0,0.0,,4.0,3.0,1.0,,3.0,1.0,1.0,1.0,1.0,1.0,,0.0,,,1.0,3.0,1.0,,,,
425,,,,,0.0,2.0,6.0,3.0,1.0,,3.0,0.0,2.0,,3.0,2.0,2.0,2.0,1.0,1.0,,2.0,,,0.0,0.0,0.0,,,,
426,,,,,1.0,3.0,3.0,4.0,1.0,,4.0,1.0,2.0,,3.0,1.0,2.0,2.0,2.0,0.0,,0.0,,,0.0,1.0,2.0,,,,
427,,,,,2.0,2.0,2.0,2.0,0.0,,1.0,3.0,1.0,,2.0,1.0,2.0,1.0,0.0,0.0,,0.0,,,1.0,3.0,1.0,,,,
428,,,,,1.0,3.0,2.0,1.0,1.0,,4.0,1.0,1.0,,1.0,3.0,0.0,1.0,3.0,1.0,,2.0,,,1.0,2.0,2.0,,,,
429,,,,,5.0,3.0,3.0,3.0,2.0,,2.0,1.0,2.0,,3.0,1.0,1.0,2.0,3.0,0.0,,1.0,,,3.0,1.0,4.0,,,,
430,,,,,,2.0,2.0,0.0,3.0,,0.0,1.0,4.0,1.0,1.0,2.0,2.0,2.0,1.0,1.0,,,1.0,,2.0,1.0,1.0,,,,
431,,,,,,5.0,6.0,3.0,2.0,,1.0,0.0,1.0,1.0,1.0,1.0,3.0,1.0,0.0,1.0,,,0.0,,2.0,1.0,1.0,,,,
432,,,,,,3.0,5.0,1.0,1.0,,0.0,0.0,3.0,0.0,2.0,2.0,0.0,1.0,0.0,1.0,,,1.0,,4.0,1.0,2.0,,,,
433,,,,,,5.0,2.0,1.0,1.0,,2.0,3.0,1.0,0.0,0.0,1.0,1.0,4.0,1.0,1.0,,,0.0,,0.0,1.0,0.0,,,,
434,,,,,,0.0,2.0,1.0,0.0,,1.0,0.0,6.0,2.0,2.0,3.0,4.0,2.0,1.0,0.0,,,0.0,,3.0,2.0,2.0,,,,
435,,,,,,3.0,1.0,1.0,1.0,,0.0,0.0,1.0,0.0,0.0,1.0,1.0,0.0,2.0,2.0,,,1.0,,1.0,1.0,1.0,,,,
436,,,,,,6.0,1.0,1.0,3.0,,2.0,2.0,0.0,0.0,5.0,2.0,3.0,1.0,0.0,3.0,,,1.0,,3.0,3.0,0.0,,,,
437,,,,,,4.0,1.0,1.0,0.0,,3.0,3.0,3.0,1.0,2.0,3.0,0.0,1.0,0.0,2.0,,,0.0,,1.0,3.0,0.0,,,,
438,,,,,,3.0,3.0,2.0,1.0,,3.0,1.0,1.0,2.0,3.0,3.0,0.0,2.0,0.0,0.0,,,2.0,,1.0,3.0,2.0,,,,
439,,,,,,2.0,2.0,1.0,0.0,,3.0,0.0,1.0,0.0,2.0,1.0,2.0,0.0,4.0,0.0,,,1.0,,2.0,6.0,1.0,,,,
440,,,,,,4.0,0.0,5.0,1.0,,2.0,0.0,3.0,1.0,0.0,2.0,1.0,2.0,2.0,1.0,,,1.0,,0.0,0.0,2.0,,,,
441,,,,,,5.0,4.0,0.0,4.0,,1.0,2.0,0.0,1.0,5.0,0.0,2.0,3.0,0.0,1.0,,,2.0,,2.0,2.0,4.0,,,,
442,,,,,,6.0,2.0,1.0,2.0,,0.0,1.0,1.0,0.0,3.0,4.0,1.0,1.0,0.0,1.0,,,2.0,,1.0,5.0,0.0,,,,
443,,,,,,1.0,2.0,0.0,1.0,,1.0,1.0,2.0,2.0,2.0,2.0,0.0,2.0,0.0,1.0,,,2.0,,3.0,2.0,1.0,,,,
444,,,,,,1.0,3.0,2.0,0.0,,1.0,0.0,2.0,3.0,2.0,3.0,1.0,1.0,1.0,2.0,,,0.0,,0.0,0.0,0.0,,,,
445,,,,,,3.0,2.0,1.0,2.0,,4.0,4.0,0.0,0.0,2.0,1.0,0.0,0.0,2.0,0.0,,,1.0,,1.0,1.0,3.0,,,,
446,,,,,,1.0,4.0,3.0,2.0,,1.0,0.0,3.0,2.0,3.0,2.0,2.0,1.0,0.0,0.0,,,1.0,,2.0,2.0,0.0,,,,
447,,,,,,6.0,0.0,0.0,0.0,,2.0,4.0,3.0,0.0,2.0,1.0,0.0,0.0,1.0,1.0,,,1.0,,2.0,1.0,2.0,,,,
448,,,,,,1.0,3.0,2.0,0.0,,0.0,2.0,0.0,1.0,0.0,1.0,4.0,0.0,1.0,0.0,,,3.0,,1.0,1.0,0.0,,,,
449,,,,,,5.0,2.0,3.0,0.0,,1.0,2.0,0.0,1.0,0.0,3.0,4.0,2.0,4.0,1.0,,,1.0,,2.0,1.0,1.0,,,,
450,,,,,,7.0,3.0,4.0,0.0,,1.0,3.0,2.0,1.0,3.0,1.0,0.0,2.0,3.0,1.0,,,0.0,,0.0,3.0,0.0,,,,
451,,,,,,2.0,1.0,0.0,1.0,,2.0,1.0,1.0,1.0,3.0,2.0,1.0,3.0,1.0,2.0,,,1.0,,2.0,4.0,2.0,,,,
452,,,,,,2.0,2.0,1.0,0.0,,1.0,2.0,1.0,1.0,2.0,2.0,2.0,1.0,1.0,0.0,,,3.0,,2.0,1.0,2.0,,,,
453,,,,,,1.0,1.0,4.0,0.0,,2.0,0.0,1.0,2.0,2.0,5.0,0.0,3.0,1.0,1.0,,,0.0,,1.0,3.0,1.0,,,,
454,,,,,,2.0,2.0,0.0,2.0,,2.0,4.0,0.0,0.0,3.0,2.0,1.0,0.0,1.0,1.0,,,2.0,,3.0,1.0,0.0,,,,
455,,,,,,1.0,3.0,1.0,0.0,,2.0,0.0,0.0,1.0,1.0,1.0,1.0,0.0,1.0,1.0,,,0.0,,1.0,1.0,0.0,,,,
456,,,,,,2.0,3.0,1.0,0.0,,3.0,2.0,3.0,0.0,2.0,4.0,2.0,1.0,4.0,0.0,,,3.0,,0.0,2.0,0.0,,,,
457,,,,,,2.0,4.0,2.0,4.0,,2.0,2.0,1.0,1.0,0.0,2.0,2.0,1.0,1.0,2.0,,,1.0,,0.0,1.0,1.0,,,,
458,,,,,,3.0,4.0,1.0,1.0,,1.0,0.0,2.0,1.0,1.0,3.0,1.0,1.0,0.0,3.0,,,1.0,,0.0,0.0,0.0,,,,
459,,,,,,2.0,3.0,0.0,1.0,,3.0,3.0,3.0,2.0,1.0,3.0,6.0,0.0,2.0,2.0,,,2.0,,1.0,0.0,0.0,,,,
460,,,,,,3.0,1.0,3.0,0.0,,1.0,1.0,2.0,2.0,2.0,0.0,1.0,1.0,0.0,2.0,,,3.0,,1.0,4.0,2.0,,,,
461,,,,,,5.0,2.0,2.0,1.0,,0.0,3.0,5.0,1.0,6.0,3.0,4.0,2.0,0.0,2.0,,,1.0,,1.0,0.0,1.0,,,,
462,,,,,,4.0,5.0,4.0,3.0,,2.0,3.0,1.0,0.0,0.0,2.0,4.0,2.0,5.0,0.0,,,0.0,,2.0,1.0,0.0,,,,
463,,,,,,1.0,2.0,3.0,2.0,,0.0,1.0,3.0,2.0,1.0,0.0,0.0,1.0,0.0,0.0,,,4.0,,2.0,0.0,1.0,,,,
464,,,0.0,,,3.0,3.0,1.0,0.0,,4.0,0.0,0.0,,1.0,3.0,2.0,1.0,0.0,4.0,,,2.0,,2.0,1.0,,1.0,,,
465,,,0.0,,,5.0,2.0,0.0,4.0,,2.0,2.0,4.0,,1.0,2.0,3.0,0.0,0.0,2.0,,,3.0,,1.0,1.0,,2.0,,,
466,,,4.0,,,3.0,2.0,0.0,1.0,,2.0,1.0,6.0,,1.0,1.0,2.0,1.0,1.0,1.0,,,5.0,,2.0,4.0,,0.0,,,
467,,,0.0,,,1.0,3.0,2.0,2.0,,3.0,4.0,0.0,,3.0,1.0,0.0,2.0,1.0,3.0,,,2.0,,0.0,1.0,,3.0,,,
468,,,0.0,,,0.0,1.0,1.0,1.0,,1.0,0.0,1.0,,4.0,1.0,1.0,1.0,1.0,1.0,,,1.0,,0.0,1.0,,4.0,,,
469,,,2.0,,,2.0,2.0,2.0,1.0,,4.0,1.0,2.0,,3.0,,3.0,3.0,5.0,2.0,,,1.0,,,0.0,,0.0,,,
470,,,0.0,,,4.0,0.0,0.0,1.0,,3.0,3.0,3.0,,1.0,3.0,0.0,1.0,3.0,4.0,,,0.0,,1.0,0.0,,0.0,,,
471,,,1.0,,,1.0,6.0,3.0,1.0,,2.0,3.0,5.0,,4.0,3.0,2.0,2.0,0.0,0.0,,,0.0,,2.0,4.0,,0.0,,,
472,,,0.0,,,2.0,3.0,0.0,1.0,,,0.0,1.0,,2.0,1.0,1.0,3.0,2.0,2.0,,,0.0,,2.0,1.0,,4.0,,,
473,,,1.0,,,0.0,1.0,4.0,1.0,,2.0,2.0,1.0,,2.0,3.0,3.0,1.0,2.0,1.0,,,6.0,,1.0,1.0,,2.0,,,
474,,,3.0,,,1.0,0.0,1.0,0.0,,1.0,2.0,2.0,,1.0,2.0,2.0,2.0,5.0,2.0,,,0.0,,3.0,2.0,,0.0,,,
475,,,0.0,,,1.0,0.0,2.0,3.0,,0.0,3.0,2.0,,2.0,1.0,2.0,2.0,0.0,3.0,,,1.0,,0.0,,,,,,
476,,,0.0,,,1.0,3.0,1.0,2.0,,5.0,1.0,1.0,,2.0,3.0,2.0,0.0,2.0,3.0,,,1.0,,3.0,0.0,,4.0,,,
477,,,2.0,,,1.0,3.0,3.0,1.0,,1.0,2.0,5.0,,0.0,3.0,2.0,1.0,2.0,0.0,,,0.0,,0.0,0.0,,0.0,,,
478,,,0.0,,,1.0,4.0,2.0,1.0,,3.0,1.0,2.0,,3.0,3.0,2.0,3.0,2.0,2.0,,,1.0,,0.0,1.0,,1.0,,,
479,,,2.0,,,2.0,4.0,2.0,2.0,,1.0,1.0,2.0,,2.0,6.0,1.0,0.0,0.0,1.0,,,1.0,,2.0,3.0,,4.0,,,
480,,,1.0,,,5.0,2.0,1.0,2.0,,2.0,3.0,3.0,,1.0,3.0,0.0,4.0,2.0,0.0,,,1.0,,1.0,2.0,,1.0,,,
481,,,0.0,,,2.0,2.0,1.0,1.0,,5.0,1.0,1.0,,3.0,2.0,1.0,2.0,1.0,5.0,,,0.0,,0.0,2.0,,2.0,,,
482,,,2.0,,,0.0,1.0,2.0,1.0,,2.0,2.0,3.0,,5.0,2.0,3.0,3.0,0.0,1.0,,,1.0,,1.0,1.0,,0.0,,,
483,,,3.0,,,1.0,1.0,0.0,1.0,,1.0,1.0,,,2.0,1.0,0.0,1.0,1.0,,,,2.0,,3.0,2.0,,0.0,,,
484,,,1.0,,,0.0,1.0,1.0,2.0,,3.0,1.0,3.0,,1.0,1.0,2.0,1.0,2.0,0.0,,,3.0,,0.0,1.0,,1.0,,,
485,,,1.0,,,3.0,1.0,2.0,5.0,,3.0,0.0,2.0,,5.0,0.0,1.0,1.0,2.0,1.0,,,1.0,,0.0,1.0,,2.0,,,
486,,,3.0,,,2.0,3.0,1.0,1.0,,0.0,0.0,2.0,,1.0,0.0,1.0,3.0,1.0,1.0,,,1.0,,1.0,1.0,,0.0,,,
487,,,1.0,,,2.0,4.0,1.0,1.0,,0.0,0.0,2.0,,2.0,3.0,0.0,0.0,0.0,0.0,,,1.0,,3.0,1.0,,2.0,,,
488,,,1.0,,,3.0,2.0,1.0,0.0,,2.0,0.0,1.0,,1.0,3.0,4.0,3.0,1.0,1.0,,,3.0,,1.0,1.0,,2.0,,,
489,,,1.0,,,1.0,1.0,0.0,1.0,,3.0,3.0,0.0,,2.0,2.0,4.0,1.0,1.0,0.0,,,0.0,,1.0,0.0,,1.0,,,
490,,,3.0,,,2.0,0.0,2.0,2.0,,0.0,1.0,2.0,,2.0,1.0,1.0,2.0,0.0,1.0,,,2.0,,2.0,2.0,,0.0,,,
491,,,,,,3.0,,,,,2.0,1.0,,,,1.0,2.0,2.0,,3.0,,,1.0,,,,,,,,
492,,,0.0,,,2.0,3.0,2.0,1.0,,2.0,0.0,0.0,,5.0,2.0,0.0,1.0,2.0,3.0,,,1.0,,1.0,2.0,,0.0,,,
493,,,1.0,,,0.0,1.0,1.0,0.0,,3.0,2.0,2.0,,2.0,1.0,2.0,1.0,0.0,1.0,,,0.0,,4.0,1.0,,2.0,,,
494,,,4.0,,,0.0,3.0,2.0,1.0,,2.0,0.0,3.0,,2.0,3.0,1.0,1.0,1.0,2.0,,,1.0,,2.0,1.0,,0.0,,,
495,,,1.0,,,2.0,1.0,1.0,1.0,,4.0,1.0,5.0,,5.0,2.0,1.0,2.0,1.0,2.0,,,1.0,,2.0,1.0,,2.0,,,
496,,,1.0,,,2.0,2.0,2.0,0.0,,3.0,1.0,2.0,,1.0,1.0,1.0,2.0,0.0,3.0,,,2.0,,2.0,1.0,,0.0,,,
497,,,1.0,,,3.0,4.0,0.0,,,1.0,,1.0,1.0,1.0,1.0,3.0,,1.0,3.0,,1.0,2.0,,0.0,0.0,,2.0,2.0,,
498,,,2.0,,,6.0,3.0,2.0,,,1.0,,2.0,1.0,1.0,2.0,1.0,,1.0,3.0,,3.0,2.0,,2.0,1.0,,2.0,1.0,,
499,,,1.0,,,3.0,1.0,2.0,,,2.0,,1.0,3.0,1.0,1.0,0.0,,1.0,0.0,,0.0,2.0,,3.0,0.0,,0.0,0.0,,
500,,,3.0,,,2.0,0.0,1.0,,,3.0,,0.0,0.0,0.0,0.0,3.0,,3.0,2.0,,3.0,1.0,,2.0,1.0,,1.0,1.0,,
501,,,3.0,,,1.0,2.0,0.0,,,1.0,,2.0,2.0,1.0,3.0,0.0,,1.0,0.0,,1.0,3.0,,0.0,1.0,,1.0,0.0,,
502,,,0.0,,,4.0,1.0,1.0,,,1.0,,4.0,2.0,0.0,1.0,1.0,,1.0,0.0,,1.0,0.0,,1.0,1.0,,1.0,1.0,,
503,,,1.0,,,0.0,5.0,1.0,,,1.0,,3.0,0.0,4.0,6.0,3.0,,2.0,1.0,,1.0,4.0,,2.0,2.0,,0.0,2.0,,
504,,,4.0,,,3.0,0.0,2.0,,,1.0,,2.0,2.0,4.0,6.0,2.0,,1.0,0.0,,0.0,0.0,,1.0,6.0,,3.0,1.0,,
505,,,2.0,,,3.0,1.0,3.0,,,2.0,,1.0,1.0,2.0,4.0,0.0,,1.0,1.0,,1.0,2.0,,1.0,1.0,,3.0,1.0,,
506,,,0.0,,,5.0,3.0,1.0,,,2.0,,1.0,3.0,1.0,2.0,2.0,,2.0,2.0,,2.0,2.0,,2.0,1.0,,1.0,0.0,,
507,,,1.0,,,1.0,4.0,3.0,,,0.0,,2.0,1.0,2.0,1.0,3.0,,0.0,1.0,,3.0,0.0,,0.0,3.0,,1.0,0.0,,
508,,,2.0,,,2.0,4.0,2.0,,,2.0,,4.0,2.0,0.0,0.0,1.0,,0.0,0.0,,2.0,2.0,,3.0,1.0,,2.0,0.0,,
509,,,3.0,,,1.0,4.0,1.0,,,1.0,,2.0,1.0,2.0,0.0,1.0,,0.0,1.0,,1.0,1.0,,1.0,3.0,,2.0,0.0,,
510,,,0.0,,,,1.0,5.0,,,0.0,,1.0,4.0,,2.0,2.0,,1.0,2.0,,0.0,5.0,,1.0,1.0,,2.0,0.0,,
511,,,0.0,,,3.0,5.0,2.0,,,1.0,,2.0,0.0,5.0,2.0,2.0,,1.0,1.0,,2.0,3.0,,1.0,4.0,,0.0,1.0,,
512,,,2.0,,,2.0,3.0,1.0,,,2.0,,0.0,0.0,2.0,1.0,2.0,,0.0,1.0,,2.0,1.0,,2.0,1.0,,1.0,1.0,,
513,,,2.0,,,5.0,2.0,3.0,,,0.0,,3.0,2.0,1.0,3.0,0.0,,0.0,1.0,,0.0,1.0,,0.0,0.0,,0.0,1.0,,
514,,,2.0,,,1.0,2.0,1.0,,,2.0,,1.0,1.0,3.0,0.0,2.0,,1.0,0.0,,3.0,4.0,,2.0,0.0,,0.0,0.0,,
515,,,1.0,,,2.0,0.0,2.0,,,4.0,,2.0,0.0,0.0,1.0,1.0,,0.0,2.0,,0.0,1.0,,0.0,0.0,,1.0,1.0,,
516,,,1.0,,,2.0,0.0,0.0,,,0.0,,2.0,1.0,2.0,1.0,3.0,,0.0,2.0,,0.0,2.0,,1.0,1.0,,0.0,0.0,,
517,,,1.0,,,3.0,2.0,1.0,,,4.0,,1.0,3.0,2.0,1.0,4.0,,0.0,2.0,,3.0,0.0,,0.0,0.0,,1.0,0.0,,
518,,,2.0,,,4.0,4.0,6.0,,,1.0,,2.0,0.0,0.0,2.0,2.0,,2.0,1.0,,1.0,0.0,,3.0,2.0,,1.0,1.0,,
519,,,1.0,,,3.0,1.0,1.0,,,3.0,,1.0,1.0,3.0,2.0,2.0,,2.0,1.0,,2.0,2.0,,3.0,1.0,,0.0,0.0,,
520,,,1.0,,,1.0,3.0,0.0,,,0.0,,1.0,0.0,0.0,2.0,2.0,,1.0,1.0,,3.0,1.0,,1.0,0.0,,1.0,2.0,,
521,,,1.0,,,3.0,1.0,6.0,,,1.0,,2.0,2.0,3.0,1.0,2.0,,0.0,2.0,,0.0,6.0,,0.0,1.0,,0.0,0.0,,
522,,,3.0,,,2.0,4.0,1.0,,,1.0,,2.0,3.0,2.0,3.0,1.0,,1.0,1.0,,2.0,0.0,,1.0,3.0,,0.0,1.0,,
523,,,1.0,,,1.0,1.0,3.0,,,4.0,,2.0,2.0,2.0,2.0,2.0,,4.0,2.0,,1.0,1.0,,0.0,1.0,,0.0,1.0,,
524,,,1.0,,,5.0,1.0,1.0,,,0.0,,0.0,0.0,4.0,1.0,1.0,,0.0,1.0,,2.0,1.0,,3.0,3.0,,0.0,2.0,,
525,,,2.0,,,3.0,2.0,0.0,,,5.0,,3.0,2.0,2.0,3.0,2.0,,2.0,3.0,,1.0,1.0,,2.0,0.0,,1.0,2.0,,
526,,,1.0,,,4.0,0.0,1.0,,,1.0,,0.0,1.0,0.0,3.0,3.0,,0.0,4.0,,1.0,0.0,,1.0,2.0,,1.0,0.0,,
527,,,0.0,,,3.0,1.0,2.0,,,1.0,,0.0,1.0,1.0,0.0,2.0,,1.0,1.0,,2.0,1.0,,1.0,3.0,,0.0,0.0,,
528,,,0.0,,,2.0,3.0,2.0,,,1.0,,3.0,1.0,,,3.0,,2.0,0.0,,2.0,1.0,,0.0,0.0,,1.0,0.0,,
529,,,1.0,,,3.0,1.0,3.0,,,1.0,,3.0,2.0,0.0,3.0,4.0,,4.0,5.0,,1.0,3.0,,2.0,1.0,,0.0,2.0,,
530,,,,,,,3.0,2.0,,,,3.0,,1.0,3.0,1.0,0.0,,,,,,,,,1.0,,,,,
531,,,0.0,,0.0,2.0,3.0,1.0,,,1.0,0.0,1.0,0.0,2.0,3.0,2.0,0.0,,0.0,,2.0,3.0,,4.0,3.0,,,,,
532,,,1.0,,0.0,1.0,2.0,1.0,,,1.0,1.0,1.0,0.0,2.0,0.0,0.0,0.0,,2.0,,0.0,2.0,,1.0,6.0,,,,,
533,,,1.0,,0.0,3.0,4.0,2.0,,,1.0,1.0,0.0,0.0,1.0,4.0,0.0,1.0,,0.0,,3.0,1.0,,0.0,2.0,,,,,
534,,,0.0,,1.0,6.0,2.0,2.0,,,1.0,0.0,2.0,0.0,1.0,1.0,3.0,0.0,,3.0,,0.0,3.0,,0.0,1.0,,,,,
535,,,0.0,,0.0,1.0,2.0,1.0,,,0.0,1.0,0.0,3.0,1.0,3.0,0.0,2.0,,2.0,,0.0,2.0,,1.0,2.0,,,,,
536,,,3.0,,2.0,2.0,2.0,3.0,,,0.0,1.0,2.0,2.0,2.0,0.0,3.0,1.0,,0.0,,3.0,0.0,,3.0,1.0,,,,,
537,,,1.0,,1.0,2.0,1.0,0.0,,,0.0,1.0,1.0,0.0,2.0,5.0,3.0,4.0,,0.0,,1.0,1.0,,1.0,2.0,,,,,
538,,,1.0,,1.0,1.0,2.0,1.0,,,2.0,1.0,1.0,1.0,5.0,5.0,1.0,0.0,,2.0,,1.0,1.0,,1.0,0.0,,,,,
539,,,1.0,,0.0,3.0,3.0,2.0,,,2.0,1.0,1.0,2.0,3.0,1.0,1.0,1.0,,1.0,,2.0,1.0,,1.0,1.0,,,,,
540,,,0.0,,3.0,6.0,6.0,4.0,,,2.0,0.0,2.0,1.0,0.0,3.0,2.0,4.0,,2.0,,0.0,0.0,,1.0,2.0,,,,,
541,,,2.0,,0.0,3.0,1.0,1.0,,,4.0,1.0,1.0,2.0,1.0,0.0,2.0,2.0,,2.0,,3.0,1.0,,1.0,1.0,,,,,
542,,,1.0,,1.0,2.0,5.0,0.0,,,1.0,0.0,0.0,2.0,5.0,2.0,3.0,1.0,,2.0,,0.0,5.0,,2.0,0.0,,,,,
543,,,2.0,,3.0,3.0,2.0,4.0,,,3.0,0.0,1.0,3.0,4.0,1.0,0.0,0.0,,2.0,,2.0,0.0,,1.0,2.0,,,,,
544,,,0.0,,0.0,1.0,5.0,1.0,,,2.0,0.0,1.0,3.0,3.0,0.0,0.0,2.0,,0.0,,1.0,2.0,,1.0,0.0,,,,,
545,,,3.0,,1.0,1.0,0.0,1.0,,,2.0,1.0,2.0,1.0,1.0,1.0,1.0,1.0,,1.0,,1.0,2.0,,1.0,1.0,,,,,
546,,,4.0,,1.0,3.0,2.0,2.0,,,0.0,2.0,1.0,3.0,1.0,5.0,2.0,3.0,,1.0,,1.0,2.0,,4.0,2.0,,,,,
547,,,0.0,,2.0,2.0,1.0,4.0,,,2.0,0.0,4.0,0.0,0.0,2.0,1.0,1.0,,1.0,,0.0,5.0,,0.0,0.0,,,,,
548,,,1.0,,1.0,4.0,1.0,1.0,,,3.0,1.0,2.0,1.0,2.0,0.0,4.0,0.0,,0.0,,0.0,0.0,,2.0,2.0,,,,,
549,,,0.0,,2.0,4.0,2.0,1.0,,,1.0,2.0,3.0,0.0,0.0,0.0,3.0,0.0,,3.0,,0.0,1.0,,2.0,0.0,,,,,
550,,,0.0,,1.0,2.0,2.0,0.0,,,1.0,2.0,3.0,0.0,1.0,0.0,1.0,1.0,,2.0,,0.0,0.0,,2.0,2.0,,,,,
551,,,0.0,,0.0,3.0,2.0,2.0,,,0.0,0.0,1.0,0.0,1.0,3.0,6.0,0.0,,1.0,,2.0,3.0,,4.0,3.0,,,,,
552,,,0.0,,2.0,2.0,3.0,2.0,,,1.0,1.0,3.0,1.0,1.0,2.0,4.0,1.0,,1.0,,0.0,2.0,,0.0,0.0,,,,,
553,,,1.0,,0.0,2.0,4.0,1.0,,,1.0,5.0,2.0,1.0,2.0,0.0,1.0,0.0,,0.0,,2.0,0.0,,0.0,0.0,,,,,
554,,,1.0,,1.0,3.0,4.0,4.0,,,0.0,1.0,1.0,0.0,3.0,2.0,2.0,1.0,,0.0,,0.0,2.0,,2.0,0.0,,,,,
555,,,1.0,,3.0,1.0,2.0,2.0,,,1.0,0.0,2.0,0.0,2.0,0.0,2.0,2.0,,1.0,,2.0,1.0,,2.0,3.0,,,,,
556,,,0.0,,1.0,0.0,2.0,2.0,,,0.0,1.0,2.0,1.0,3.0,3.0,2.0,0.0,,0.0,,1.0,4.0,,1.0,1.0,,,,,
557,,,2.0,,2.0,4.0,3.0,1.0,,,2.0,1.0,3.0,2.0,3.0,1.0,2.0,2.0,,1.0,,0.0,0.0,,0.0,1.0,,,,,
558,,,0.0,,1.0,2.0,1.0,3.0,,,4.0,1.0,0.0,0.0,1.0,2.0,2.0,1.0,,3.0,,1.0,3.0,,2.0,3.0,,,,,
559,,,1.0,,1.0,3.0,2.0,2.0,,,1.0,0.0,1.0,0.0,1.0,1.0,5.0,2.0,,1.0,,1.0,1.0,,2.0,1.0,,,,,
560,,,1.0,,2.0,2.0,2.0,0.0,,,0.0,0.0,2.0,1.0,2.0,0.0,2.0,0.0,,1.0,,0.0,2.0,,1.0,2.0,,,,,
561,,,2.0,,1.0,6.0,4.0,3.0,,,1.0,2.0,0.0,0.0,1.0,1.0,4.0,1.0,,2.0,,2.0,2.0,,1.0,1.0,,,,,
562,,,0.0,,1.0,3.0,1.0,1.0,,,1.0,2.0,2.0,3.0,1.0,2.0,3.0,0.0,,2.0,,2.0,1.0,,1.0,1.0,,,,,
563,1.0,,,,,2.0,3.0,1.0,,,2.0,1.0,1.0,1.0,5.0,4.0,2.0,1.0,,0.0,,2.0,1.0,,3.0,1.0,,0.0,,,
564,3.0,,,,,1.0,2.0,2.0,,,2.0,2.0,0.0,1.0,2.0,1.0,0.0,2.0,,0.0,,2.0,0.0,,2.0,3.0,,2.0,,,
565,1.0,,,,,4.0,1.0,1.0,,,1.0,0.0,4.0,2.0,1.0,1.0,2.0,2.0,,3.0,,1.0,0.0,,2.0,0.0,,0.0,,,
566,1.0,,,,,0.0,3.0,1.0,,,1.0,0.0,3.0,0.0,4.0,1.0,2.0,0.0,,0.0,,1.0,0.0,,1.0,1.0,,0.0,,,
567,1.0,,,,,4.0,1.0,1.0,,,3.0,0.0,1.0,0.0,3.0,0.0,2.0,0.0,,1.0,,3.0,1.0,,1.0,1.0,,2.0,,,
568,2.0,,,,,0.0,2.0,1.0,,,3.0,0.0,4.0,1.0,1.0,2.0,2.0,0.0,,5.0,,1.0,0.0,,1.0,0.0,,0.0,,,
569,0.0,,,,,3.0,5.0,2.0,,,3.0,0.0,2.0,0.0,5.0,1.0,2.0,0.0,,0.0,,1.0,1.0,,0.0,0.0,,2.0,,,
570,1.0,,,,,1.0,3.0,2.0,,,1.0,0.0,1.0,0.0,2.0,2.0,1.0,1.0,,1.0,,0.0,2.0,,1.0,1.0,,3.0,,,
571,2.0,,,,,1.0,2.0,3.0,,,3.0,1.0,2.0,2.0,2.0,2.0,2.0,1.0,,0.0,,0.0,2.0,,0.0,1.0,,0.0,,,
572,0.0,,,,,1.0,1.0,1.0,,,3.0,1.0,2.0,0.0,1.0,1.0,0.0,1.0,,2.0,,0.0,2.0,,1.0,1.0,,0.0,,,
573,2.0,,,,,2.0,1.0,1.0,,,2.0,0.0,0.0,2.0,2.0,0.0,1.0,1.0,,1.0,,0.0,3.0,,0.0,2.0,,1.0,,,
574,3.0,,,,,1.0,2.0,2.0,,,1.0,0.0,1.0,0.0,0.0,1.0,2.0,1.0,,1.0,,1.0,0.0,,1.0,2.0,,1.0,,,
575,2.0,,,,,0.0,5.0,1.0,,,1.0,1.0,1.0,0.0,3.0,1.0,1.0,0.0,,2.0,,3.0,0.0,,1.0,2.0,,1.0,,,
576,2.0,,,,,3.0,1.0,3.0,,,0.0,2.0,2.0,1.0,3.0,2.0,5.0,3.0,,4.0,,2.0,0.0,,1.0,1.0,,0.0,,,
577,1.0,,,,,0.0,2.0,2.0,,,3.0,0.0,0.0,0.0,6.0,3.0,3.0,0.0,,0.0,,3.0,1.0,,0.0,2.0,,1.0,,,
578,0.0,,,,,1.0,0.0,2.0,,,2.0,0.0,1.0,0.0,4.0,1.0,0.0,3.0,,2.0,,1.0,0.0,,0.0,0.0,,0.0,,,
579,0.0,,,,,1.0,1.0,0.0,,,1.0,0.0,1.0,2.0,3.0,1.0,2.0,2.0,,1.0,,2.0,0.0,,1.0,3.0,,1.0,,,
580,1.0,,,,,2.0,3.0,2.0,,,2.0,0.0,1.0,0.0,2.0,3.0,3.0,1.0,,4.0,,0.0,1.0,,0.0,1.0,,1.0,,,
581,1.0,,,,,4.0,1.0,0.0,,,3.0,0.0,1.0,0.0,1.0,1.0,1.0,2.0,,1.0,,1.0,2.0,,1.0,0.0,,1.0,,,
582,2.0,,,,,2.0,3.0,1.0,,,0.0,4.0,2.0,3.0,4.0,2.0,1.0,0.0,,0.0,,0.0,1.0,,0.0,1.0,,0.0,,,
583,2.0,,,,,4.0,2.0,1.0,,,0.0,0.0,0.0,1.0,2.0,2.0,2.0,1.0,,1.0,,1.0,3.0,,0.0,3.0,,2.0,,,
584,0.0,,,,,3.0,2.0,0.0,,,1.0,2.0,1.0,2.0,2.0,0.0,2.0,0.0,,0.0,,1.0,2.0,,1.0,2.0,,3.0,,,
585,2.0,,,,,3.0,1.0,3.0,,,0.0,1.0,1.0,1.0,1.0,0.0,1.0,1.0,,2.0,,0.0,1.0,,0.0,4.0,,0.0,,,
586,1.0,,,,,1.0,4.0,3.0,,,3.0,0.0,1.0,2.0,2.0,3.0,1.0,0.0,,2.0,,0.0,1.0,,1.0,1.0,,1.0,,,
587,1.0,,,,,4.0,1.0,1.0,,,2.0,0.0,2.0,1.0,0.0,1.0,1.0,3.0,,1.0,,1.0,3.0,,1.0,1.0,,2.0,,,
588,0.0,,,,,3.0,3.0,1.0,,,1.0,3.0,0.0,2.0,5.0,5.0,2.0,0.0,,1.0,,4.0,0.0,,1.0,2.0,,1.0,,,
589,3.0,,,,,1.0,1.0,3.0,,,1.0,0.0,3.0,1.0,2.0,0.0,4.0,0.0,,1.0,,1.0,3.0,,0.0,1.0,,1.0,,,
590,0.0,,,,,2.0,2.0,2.0,,,1.0,1.0,1.0,0.0,1.0,2.0,0.0,1.0,,0.0,,1.0,1.0,,4.0,4.0,,2.0,,,
591,2.0,,,,,5.0,5.0,3.0,,,2.0,1.0,0.0,0.0,2.0,4.0,1.0,1.0,,3.0,,3.0,2.0,,4.0,4.0,,1.0,,,
592,1.0,,,,,1.0,5.0,0.0,,,1.0,3.0,3.0,2.0,2.0,0.0,2.0,0.0,,5.0,,1.0,1.0,,1.0,1.0,,0.0,,,
593,0.0,,,,,1.0,0.0,1.0,,,1.0,0.0,1.0,0.0,2.0,0.0,2.0,0.0,,3.0,,1.0,1.0,,1.0,2.0,,2.0,,,
594,1.0,,,,,1.0,4.0,1.0,,,1.0,1.0,0.0,0.0,0.0,0.0,1.0,2.0,,1.0,,3.0,2.0,,0.0,4.0,,0.0,,,
595,3.0,,,,,4.0,3.0,3.0,,,0.0,0.0,3.0,1.0,3.0,3.0,2.0,2.0,,5.0,,1.0,1.0,,4.0,1.0,,1.0,,,
596,0.0,,,,,3.0,1.0,3.0,,,3.0,2.0,1.0,1.0,2.0,4.0,2.0,,1.0,3.0,,2.0,4.0,,0.0,2.0,3.0,,,,
597,1.0,,,,,4.0,3.0,2.0,,,1.0,1.0,1.0,0.0,1.0,3.0,2.0,,1.0,1.0,,0.0,1.0,,0.0,1.0,2.0,,,,
598,2.0,,,,,2.0,2.0,1.0,,,2.0,0.0,0.0,0.0,5.0,1.0,2.0,,2.0,2.0,,2.0,2.0,,1.0,2.0,0.0,,,,
599,1.0,,,,,0.0,3.0,2.0,,,2.0,0.0,0.0,1.0,4.0,3.0,2.0,,1.0,1.0,,0.0,0.0,,2.0,2.0,1.0,,,,
600,0.0,,,,,1.0,1.0,0.0,,,2.0,1.0,4.0,3.0,0.0,1.0,2.0,,2.0,1.0,,1.0,2.0,,1.0,1.0,1.0,,,,
601,0.0,,,,,7.0,1.0,1.0,,,2.0,1.0,0.0,1.0,0.0,2.0,0.0,,2.0,1.0,,2.0,1.0,,1.0,2.0,1.0,,,,
602,1.0,,,,,4.0,4.0,1.0,,,0.0,2.0,2.0,0.0,4.0,1.0,0.0,,0.0,2.0,,0.0,3.0,,1.0,1.0,2.0,,,,
603,0.0,,,,,5.0,4.0,3.0,,,1.0,1.0,1.0,3.0,0.0,1.0,1.0,,0.0,1.0,,2.0,0.0,,1.0,1.0,2.0,,,,
604,1.0,,,,,3.0,4.0,0.0,,,0.0,0.0,3.0,1.0,1.0,4.0,3.0,,0.0,0.0,,1.0,2.0,,2.0,0.0,0.0,,,,
605,2.0,,,,,4.0,3.0,2.0,,,1.0,1.0,1.0,1.0,1.0,2.0,2.0,,2.0,1.0,,3.0,2.0,,0.0,3.0,0.0,,,,
606,0.0,,,,,4.0,1.0,2.0,,,0.0,0.0,3.0,2.0,2.0,0.0,3.0,,0.0,1.0,,1.0,0.0,,2.0,2.0,0.0,,,,
607,2.0,,,,,1.0,8.0,3.0,,,4.0,0.0,0.0,2.0,1.0,2.0,1.0,,0.0,4.0,,1.0,0.0,,4.0,1.0,1.0,,,,
608,1.0,,,,,2.0,5.0,3.0,,,1.0,1.0,0.0,3.0,2.0,2.0,2.0,,1.0,0.0,,1.0,2.0,,0.0,2.0,3.0,,,,
609,0.0,,,,,1.0,3.0,1.0,,,1.0,2.0,3.0,3.0,1.0,0.0,2.0,,3.0,3.0,,1.0,1.0,,0.0,1.0,0.0,,,,
610,,,,,,0.0,3.0,,,,2.0,2.0,2.0,1.0,,,5.0,,1.0,2.0,,1.0,2.0,,3.0,0.0,2.0,,,,
611,0.0,,,,,3.0,2.0,1.0,,,1.0,0.0,1.0,2.0,7.0,1.0,1.0,,0.0,0.0,,2.0,3.0,,0.0,1.0,1.0,,,,
612,0.0,,,,,2.0,3.0,1.0,,,1.0,1.0,0.0,1.0,5.0,1.0,3.0,,3.0,4.0,,0.0,0.0,,4.0,1.0,3.0,,,,
613,2.0,,,,,2.0,2.0,1.0,,,1.0,1.0,1.0,1.0,0.0,1.0,1.0,,0.0,1.0,,3.0,1.0,,1.0,1.0,1.0,,,,
614,1.0,,,,,2.0,0.0,0.0,,,2.0,2.0,0.0,0.0,3.0,2.0,2.0,,0.0,3.0,,1.0,1.0,,1.0,3.0,1.0,,,,
615,1.0,,,,,4.0,3.0,2.0,,,1.0,2.0,0.0,0.0,0.0,2.0,2.0,,1.0,0.0,,2.0,0.0,,1.0,1.0,1.0,,,,
616,1.0,,,,,2.0,2.0,2.0,,,1.0,1.0,1.0,0.0,1.0,3.0,0.0,,0.0,0.0,,0.0,1.0,,0.0,1.0,0.0,,,,
617,1.0,,,,,2.0,1.0,4.0,,,2.0,1.0,1.0,1.0,1.0,1.0,3.0,,1.0,1.0,,2.0,0.0,,2.0,0.0,1.0,,,,
618,1.0,,,,,3.0,0.0,3.0,,,0.0,0.0,1.0,1.0,1.0,2.0,2.0,,1.0,1.0,,1.0,1.0,,0.0,2.0,2.0,,,,
619,2.0,,,,,3.0,2.0,0.0,,,2.0,0.0,1.0,0.0,1.0,3.0,2.0,,2.0,1.0,,1.0,1.0,,1.0,3.0,1.0,,,,
620,2.0,,,,,0.0,4.0,5.0,,,1.0,0.0,1.0,5.0,2.0,1.0,1.0,,2.0,2.0,,3.0,0.0,,0.0,2.0,2.0,,,,
621,2.0,,,,,3.0,5.0,2.0,,,2.0,1.0,2.0,2.0,4.0,0.0,3.0,,0.0,2.0,,1.0,3.0,,2.0,0.0,0.0,,,,
622,0.0,,,,,5.0,2.0,2.0,,,2.0,3.0,0.0,3.0,5.0,0.0,3.0,,1.0,1.0,,0.0,2.0,,0.0,1.0,0.0,,,,
623,3.0,,,,,3.0,1.0,3.0,,,1.0,3.0,1.0,1.0,3.0,0.0,2.0,,1.0,1.0,,2.0,2.0,,3.0,0.0,2.0,,,,
624,0.0,,,,,3.0,0.0,1.0,,,2.0,1.0,1.0,2.0,3.0,7.0,3.0,,1.0,2.0,,1.0,1.0,,2.0,0.0,0.0,,,,
625,2.0,,,,,2.0,4.0,1.0,,,2.0,2.0,2.0,1.0,5.0,3.0,4.0,,1.0,1.0,,2.0,0.0,,0.0,2.0,1.0,,,,
626,1.0,,,,,3.0,3.0,2.0,,,0.0,4.0,0.0,1.0,3.0,5.0,0.0,,3.0,4.0,,0.0,0.0,,3.0,2.0,1.0,,,,
627,2.0,,,,,0.0,2.0,1.0,,,2.0,2.0,1.0,2.0,3.0,2.0,6.0,,1.0,0.0,,1.0,0.0,,3.0,5.0,0.0,,,,
628,,,,1.0,2.0,4.0,1.0,0.0,,,3.0,,,0.0,0.0,5.0,5.0,,0.0,1.0,,1.0,2.0,,1.0,1.0,1.0,,,2.0,
629,,,,1.0,0.0,2.0,1.0,2.0,,,1.0,,,1.0,3.0,1.0,4.0,,3.0,0.0,,0.0,0.0,,2.0,4.0,0.0,,,1.0,
630,,,,1.0,0.0,2.0,5.0,1.0,,,3.0,,,5.0,5.0,0.0,0.0,,0.0,1.0,,2.0,1.0,,3.0,0.0,1.0,,,0.0,
631,,,,1.0,1.0,6.0,4.0,1.0,,,1.0,,,1.0,4.0,0.0,2.0,,2.0,0.0,,2.0,1.0,,4.0,3.0,1.0,,,1.0,
632,,,,3.0,1.0,7.0,3.0,1.0,,,3.0,,,2.0,1.0,2.0,1.0,,2.0,0.0,,2.0,0.0,,0.0,5.0,2.0,,,2.0,
633,,,,4.0,0.0,3.0,0.0,0.0,,,3.0,,,4.0,1.0,1.0,3.0,,0.0,1.0,,3.0,1.0,,1.0,4.0,3.0,,,0.0,
634,,,,0.0,2.0,2.0,2.0,1.0,,,1.0,,,1.0,2.0,1.0,2.0,,0.0,1.0,,1.0,2.0,,1.0,2.0,0.0,,,1.0,
635,,,,3.0,0.0,4.0,5.0,2.0,,,5.0,,,1.0,1.0,4.0,0.0,,1.0,0.0,,0.0,2.0,,1.0,0.0,0.0,,,3.0,
636,,,,3.0,1.0,6.0,4.0,2.0,,,0.0,,,2.0,3.0,0.0,1.0,,2.0,1.0,,2.0,0.0,,0.0,4.0,2.0,,,0.0,
637,,,,1.0,4.0,2.0,3.0,1.0,,,3.0,,,0.0,0.0,2.0,2.0,,1.0,1.0,,1.0,1.0,,1.0,1.0,1.0,,,1.0,
638,,,,3.0,0.0,1.0,2.0,3.0,,,1.0,,,0.0,,0.0,1.0,,2.0,4.0,,2.0,0.0,,0.0,1.0,,,,1.0,
639,,,,2.0,1.0,4.0,7.0,1.0,,,0.0,,,3.0,2.0,2.0,1.0,,0.0,2.0,,1.0,2.0,,0.0,0.0,3.0,,,2.0,
640,,,,3.0,0.0,3.0,3.0,5.0,,,0.0,,,1.0,1.0,3.0,2.0,,0.0,0.0,,2.0,2.0,,3.0,0.0,2.0,,,1.0,
641,,,,1.0,0.0,1.0,5.0,3.0,,,3.0,,,2.0,2.0,1.0,0.0,,2.0,5.0,,3.0,2.0,,1.0,4.0,1.0,,,1.0,
642,,,,0.0,0.0,6.0,4.0,3.0,,,5.0,,,1.0,4.0,1.0,3.0,,2.0,0.0,,0.0,1.0,,0.0,1.0,0.0,,,1.0,
643,,,,2.0,0.0,4.0,8.0,3.0,,,2.0,,,0.0,0.0,2.0,2.0,,0.0,1.0,,1.0,0.0,,3.0,0.0,1.0,,,2.0,
644,,,,0.0,2.0,3.0,3.0,1.0,,,2.0,,,2.0,2.0,2.0,1.0,,4.0,0.0,,0.0,0.0,,2.0,3.0,2.0,,,0.0,
645,,,,1.0,5.0,2.0,4.0,0.0,,,4.0,,,2.0,1.0,3.0,3.0,,0.0,3.0,,2.0,3.0,,2.0,0.0,4.0,,,2.0,
646,,,,2.0,0.0,2.0,2.0,0.0,,,0.0,,,1.0,6.0,1.0,2.0,,1.0,1.0,,2.0,2.0,,1.0,0.0,2.0,,,3.0,
647,,,,0.0,3.0,5.0,6.0,3.0,,,2.0,,,1.0,1.0,2.0,5.0,,0.0,2.0,,2.0,4.0,,2.0,0.0,0.0,,,0.0,
648,,,,4.0,0.0,2.0,0.0,2.0,,,1.0,,,1.0,4.0,1.0,3.0,,0.0,2.0,,1.0,1.0,,2.0,1.0,2.0,,,3.0,
649,,,,0.0,0.0,2.0,5.0,1.0,,,2.0,,,2.0,0.0,3.0,3.0,,0.0,1.0,,2.0,0.0,,1.0,6.0,0.0,,,1.0,
650,,,,2.0,3.0,1.0,5.0,0.0,,,4.0,,,2.0,1.0,3.0,1.0,,0.0,0.0,,0.0,0.0,,1.0,1.0,0.0,,,0.0,
651,,,,2.0,1.0,2.0,,5.0,,,4.0,,,2.0,4.0,4.0,4.0,,1.0,3.0,,0.0,,,1.0,1.0,2.0,,,0.0,
652,,,,0.0,2.0,2.0,4.0,0.0,,,3.0,,,3.0,1.0,1.0,0.0,,0.0,0.0,,0.0,0.0,,2.0,1.0,1.0,,,1.0,
653,,,,3.0,3.0,1.0,0.0,4.0,,,0.0,,,3.0,2.0,2.0,1.0,,0.0,1.0,,0.0,2.0,,0.0,3.0,0.0,,,1.0,
654,,,,2.0,1.0,1.0,3.0,3.0,,,1.0,,,3.0,2.0,3.0,1.0,,1.0,0.0,,0.0,3.0,,3.0,2.0,1.0,,,0.0,
655,,,,0.0,1.0,3.0,4.0,0.0,,,0.0,,,1.0,3.0,3.0,1.0,,0.0,1.0,,0.0,5.0,,5.0,1.0,0.0,,,2.0,
656,,,,1.0,1.0,2.0,6.0,0.0,,,1.0,,,2.0,2.0,0.0,2.0,,1.0,1.0,,2.0,0.0,,3.0,1.0,1.0,,,1.0,
657,,,,2.0,1.0,3.0,1.0,0.0,,,1.0,,,1.0,2.0,4.0,1.0,,1.0,0.0,,1.0,1.0,,1.0,2.0,4.0,,,2.0,
658,,,,1.0,1.0,3.0,4.0,2.0,,,2.0,,,0.0,4.0,2.0,2.0,,0.0,,,1.0,,,3.0,1.0,2.0,,,0.0,
659,,,,,,,,,,,,,,,,,,,,2.0,,,3.0,,,,,,,,
660,,,,0.0,1.0,0.0,4.0,1.0,,,2.0,,,2.0,0.0,6.0,1.0,,1.0,3.0,,5.0,2.0,,2.0,4.0,4.0,,,3.0,
661,,,,1.0,1.0,3.0,4.0,3.0,,,1.0,,,2.0,4.0,3.0,2.0,,0.0,0.0,,4.0,0.0,,6.0,1.0,1.0,,,1.0,
662,2.0,,,0.0,,1.0,2.0,4.0,1.0,,4.0,,1.0,3.0,2.0,2.0,4.0,,,1.0,,,1.0,,2.0,0.0,3.0,,,0.0,
663,4.0,,,1.0,,3.0,5.0,3.0,0.0,,1.0,,3.0,0.0,1.0,2.0,2.0,,,1.0,,,1.0,,1.0,1.0,1.0,,,0.0,
664,2.0,,,2.0,,2.0,4.0,1.0,3.0,,0.0,,3.0,3.0,1.0,3.0,0.0,,,0.0,,,0.0,,1.0,0.0,1.0,,,2.0,
665,2.0,,,,,,,1.0,0.0,,0.0,,0.0,2.0,,1.0,,,,,,,2.0,,3.0,1.0,2.0,,,1.0,
666,1.0,,,1.0,,3.0,4.0,1.0,1.0,,1.0,,3.0,0.0,1.0,2.0,1.0,,,1.0,,,3.0,,1.0,2.0,0.0,,,1.0,
667,1.0,,,2.0,,5.0,4.0,3.0,2.0,,1.0,,3.0,1.0,3.0,0.0,5.0,,,1.0,,,6.0,,2.0,4.0,2.0,,,1.0,
668,4.0,,,2.0,,1.0,1.0,1.0,0.0,,1.0,,2.0,1.0,3.0,4.0,1.0,,,2.0,,,0.0,,0.0,3.0,0.0,,,3.0,
669,0.0,,,0.0,,4.0,2.0,2.0,1.0,,3.0,,1.0,0.0,5.0,2.0,2.0,,,0.0,,,0.0,,0.0,0.0,0.0,,,3.0,
670,2.0,,,4.0,,4.0,2.0,1.0,0.0,,1.0,,1.0,1.0,2.0,2.0,1.0,,,3.0,,,0.0,,0.0,2.0,1.0,,,0.0,
671,0.0,,,1.0,,0.0,2.0,3.0,1.0,,4.0,,0.0,1.0,1.0,4.0,2.0,,,2.0,,,3.0,,1.0,1.0,0.0,,,2.0,
672,1.0,,,4.0,,0.0,4.0,2.0,1.0,,1.0,,4.0,2.0,0.0,0.0,4.0,,,1.0,,,0.0,,2.0,4.0,1.0,,,1.0,
673,2.0,,,0.0,,2.0,4.0,6.0,2.0,,1.0,,0.0,0.0,3.0,1.0,3.0,,,2.0,,,2.0,,1.0,0.0,0.0,,,2.0,
674,1.0,,,1.0,,1.0,4.0,0.0,2.0,,2.0,,2.0,2.0,3.0,1.0,3.0,,,2.0,,,1.0,,0.0,6.0,1.0,,,0.0,
675,2.0,,,1.0,,2.0,4.0,0.0,1.0,,1.0,,1.0,3.0,1.0,0.0,3.0,,,1.0,,,3.0,,3.0,1.0,2.0,,,1.0,
676,0.0,,,1.0,,1.0,5.0,0.0,1.0,,3.0,,2.0,4.0,1.0,2.0,1.0,,,0.0,,,0.0,,0.0,4.0,0.0,,,1.0,
677,0.0,,,0.0,,5.0,0.0,1.0,1.0,,3.0,,0.0,2.0,0.0,0.0,3.0,,,0.0,,,0.0,,0.0,0.0,2.0,,,0.0,
678,0.0,,,3.0,,1.0,0.0,3.0,2.0,,1.0,,0.0,2.0,3.0,3.0,1.0,,,1.0,,,2.0,,1.0,1.0,1.0,,,2.0,
679,3.0,,,0.0,,4.0,6.0,1.0,3.0,,1.0,,0.0,0.0,2.0,3.0,0.0,,,2.0,,,1.0,,1.0,1.0,0.0,,,0.0,
680,1.0,,,1.0,,1.0,2.0,3.0,0.0,,1.0,,0.0,3.0,3.0,3.0,1.0,,,0.0,,,3.0,,2.0,0.0,1.0,,,1.0,
681,1.0,,,1.0,,1.0,1.0,4.0,1.0,,1.0,,1.0,0.0,3.0,1.0,2.0,,,2.0,,,0.0,,0.0,2.0,2.0,,,1.0,
682,0.0,,,2.0,,0.0,1.0,1.0,0.0,,1.0,,2.0,1.0,3.0,0.0,4.0,,,0.0,,,1.0,,0.0,0.0,1.0,,,0.0,
683,,,,0.0,,3.0,,,0.0,,1.0,,,0.0,,0.0,,,,1.0,,,0.0,,,2.0,1.0,,,,
684,1.0,,,0.0,,3.0,3.0,1.0,0.0,,2.0,,2.0,1.0,4.0,4.0,0.0,,,2.0,,,3.0,,0.0,0.0,1.0,,,0.0,
685,1.0,,,1.0,,2.0,0.0,2.0,0.0,,2.0,,1.0,2.0,2.0,1.0,2.0,,,0.0,,,0.0,,2.0,1.0,1.0,,,4.0,
686,5.0,,,0.0,,1.0,0.0,1.0,2.0,,3.0,,2.0,3.0,1.0,3.0,2.0,,,1.0,,,4.0,,0.0,0.0,0.0,,,1.0,
687,1.0,,,1.0,,1.0,3.0,5.0,2.0,,1.0,,0.0,0.0,2.0,1.0,4.0,,,0.0,,,1.0,,0.0,4.0,0.0,,,3.0,
688,0.0,,,0.0,,3.0,1.0,,0.0,,2.0,,2.0,0.0,2.0,1.0,,,,1.0,,,0.0,,0.0,2.0,5.0,,,3.0,
689,0.0,,,1.0,,2.0,3.0,1.0,0.0,,3.0,,1.0,4.0,1.0,2.0,1.0,,,1.0,,,1.0,,0.0,0.0,1.0,,,1.0,
690,0.0,,,3.0,,1.0,2.0,3.0,1.0,,1.0,,3.0,1.0,4.0,1.0,3.0,,,1.0,,,4.0,,2.0,1.0,0.0,,,1.0,
691,4.0,,,0.0,,2.0,0.0,1.0,,,1.0,,1.0,1.0,4.0,3.0,4.0,,,1.0,,,,,2.0,0.0,1.0,,,1.0,
692,1.0,,,2.0,,3.0,5.0,0.0,1.0,,1.0,,3.0,0.0,1.0,2.0,2.0,,,0.0,,,0.0,,0.0,0.0,2.0,,,2.0,
693,1.0,,,1.0,,1.0,13.0,2.0,2.0,,4.0,,1.0,0.0,2.0,2.0,2.0,,,3.0,,,0.0,,2.0,1.0,0.0,,,0.0,
694,1.0,,,2.0,,4.0,5.0,1.0,0.0,,4.0,,5.0,1.0,3.0,3.0,3.0,,,2.0,,,1.0,,0.0,4.0,1.0,,,2.0,
695,2.0,,,2.0,,3.0,3.0,0.0,0.0,,0.0,,4.0,0.0,2.0,3.0,3.0,,,0.0,,,2.0,,2.0,2.0,3.0,,,1.0,
696,6.0,,,1.0,,1.0,5.0,1.0,1.0,,1.0,,1.0,2.0,3.0,1.0,1.0,,,1.0,,,1.0,,0.0,0.0,1.0,,,0.0,
697,0.0,,,0.0,,1.0,5.0,1.0,2.0,,1.0,,0.0,0.0,1.0,2.0,2.0,,,1.0,,,2.0,,1.0,1.0,2.0,,,0.0,
698,2.0,,,3.0,,2.0,1.0,1.0,3.0,,2.0,,2.0,2.0,0.0,1.0,1.0,,,2.0,,,2.0,,1.0,0.0,2.0,,,1.0,
699,3.0,,,2.0,,2.0,4.0,1.0,0.0,,1.0,,1.0,1.0,3.0,1.0,3.0,,,2.0,,,0.0,,1.0,1.0,0.0,,,1.0,
700,2.0,,,1.0,,4.0,4.0,1.0,1.0,,1.0,,2.0,3.0,0.0,1.0,5.0,,,3.0,,,0.0,,2.0,2.0,1.0,,,0.0,
701,2.0,,,2.0,,4.0,1.0,2.0,1.0,,0.0,,0.0,1.0,3.0,1.0,2.0,,,0.0,,,2.0,,0.0,1.0,1.0,,,2.0,
702,0.0,,,3.0,,2.0,2.0,2.0,0.0,,1.0,,4.0,1.0,2.0,2.0,1.0,,,2.0,,,1.0,,1.0,0.0,2.0,,,1.0,
703,3.0,,,2.0,,5.0,1.0,2.0,1.0,,1.0,,2.0,1.0,0.0,4.0,2.0,,,2.0,,,0.0,,1.0,0.0,1.0,,,1.0,
704,0.0,,,1.0,,2.0,2.0,1.0,0.0,,0.0,,0.0,1.0,2.0,1.0,3.0,,,0.0,,,3.0,,0.0,1.0,1.0,,,0.0,
705,1.0,,,3.0,,1.0,3.0,3.0,1.0,,0.0,,0.0,2.0,3.0,1.0,0.0,,,0.0,,,3.0,,1.0,1.0,2.0,,,0.0,
706,,,,0.0,,3.0,,,1.0,,1.0,,0.0,,,0.0,1.0,,,,,,1.0,,,1.0,,,,0.0,
707,1.0,,,2.0,,2.0,2.0,3.0,1.0,,1.0,,2.0,0.0,5.0,0.0,3.0,,,1.0,,,0.0,,2.0,0.0,1.0,,,0.0,
708,2.0,,,2.0,,3.0,4.0,6.0,3.0,,1.0,,2.0,0.0,2.0,1.0,4.0,,,1.0,,,2.0,,0.0,0.0,1.0,,,3.0,
709,0.0,,,0.0,,1.0,1.0,0.0,0.0,,1.0,,2.0,2.0,2.0,4.0,4.0,,,1.0,,,4.0,,0.0,2.0,1.0,,,1.0,
710,1.0,,,1.0,,3.0,3.0,2.0,1.0,,3.0,,1.0,1.0,6.0,2.0,1.0,,,1.0,,,1.0,,0.0,2.0,0.0,,,1.0,
711,2.0,,,3.0,,1.0,2.0,1.0,0.0,,1.0,,1.0,3.0,1.0,3.0,4.0,,,1.0,,,0.0,,1.0,2.0,1.0,,,1.0,
712,1.0,,,0.0,,0.0,5.0,1.0,3.0,,0.0,,0.0,0.0,1.0,0.0,2.0,,,1.0,,,2.0,,0.0,1.0,1.0,,,1.0,
713,3.0,,,0.0,,3.0,2.0,4.0,1.0,,1.0,,1.0,0.0,2.0,2.0,1.0,,,1.0,,,2.0,,1.0,0.0,0.0,,,3.0,
714,0.0,,,1.0,,2.0,1.0,1.0,0.0,,2.0,,0.0,0.0,2.0,0.0,2.0,,,0.0,,,1.0,,0.0,4.0,0.0,,,3.0,
715,2.0,,,3.0,,1.0,2.0,2.0,0.0,,0.0,,1.0,1.0,0.0,0.0,0.0,,,0.0,,,2.0,,0.0,1.0,0.0,,,3.0,
716,2.0,,,3.0,,2.0,4.0,3.0,1.0,,2.0,,0.0,2.0,2.0,2.0,3.0,,,1.0,,,1.0,,3.0,4.0,0.0,,,0.0,
717,3.0,,,0.0,,2.0,3.0,0.0,3.0,,0.0,,1.0,0.0,0.0,0.0,1.0,,,4.0,,,0.0,,1.0,1.0,3.0,,,0.0,
718,2.0,,,1.0,,1.0,3.0,1.0,0.0,,1.0,,3.0,2.0,3.0,1.0,5.0,,,0.0,,,1.0,,2.0,0.0,0.0,,,4.0,
719,0.0,,1.0,2.0,,2.0,5.0,4.0,1.0,,1.0,,1.0,0.0,4.0,1.0,0.0,0.0,,2.0,,,0.0,,,0.0,,0.0,,,
720,1.0,,1.0,,,4.0,1.0,0.0,2.0,,3.0,,1.0,3.0,2.0,0.0,,2.0,,0.0,,,0.0,,,1.0,,0.0,,,
721,0.0,,2.0,2.0,,5.0,5.0,3.0,2.0,,1.0,,0.0,1.0,1.0,0.0,3.0,1.0,,2.0,,,0.0,,,0.0,,2.0,,,
722,3.0,,5.0,1.0,,3.0,2.0,0.0,1.0,,1.0,,1.0,0.0,,2.0,0.0,0.0,,1.0,,,0.0,,,,,2.0,,,
723,1.0,,0.0,0.0,,0.0,9.0,2.0,2.0,,1.0,,4.0,2.0,4.0,1.0,2.0,1.0,,1.0,,,0.0,,,3.0,,1.0,,,
724,0.0,,4.0,1.0,,1.0,3.0,5.0,0.0,,2.0,,3.0,2.0,5.0,1.0,5.0,3.0,,0.0,,,1.0,,,1.0,,0.0,,,
725,1.0,,1.0,1.0,,2.0,0.0,1.0,1.0,,1.0,,1.0,2.0,1.0,2.0,3.0,3.0,,1.0,,,0.0,,,3.0,,1.0,,,
726,1.0,,0.0,1.0,,3.0,2.0,1.0,2.0,,0.0,,1.0,1.0,2.0,1.0,5.0,0.0,,1.0,,,1.0,,,2.0,,4.0,,,
727,0.0,,2.0,1.0,,0.0,5.0,2.0,1.0,,1.0,,1.0,1.0,3.0,1.0,0.0,2.0,,2.0,,,1.0,,,0.0,,2.0,,,
728,0.0,,1.0,3.0,,5.0,0.0,5.0,0.0,,1.0,,2.0,1.0,1.0,2.0,3.0,3.0,,0.0,,,2.0,,,0.0,,4.0,,,
729,3.0,,2.0,1.0,,4.0,0.0,1.0,1.0,,1.0,,1.0,0.0,1.0,2.0,0.0,1.0,,1.0,,,1.0,,,0.0,,0.0,,,
730,0.0,,2.0,1.0,,2.0,5.0,1.0,0.0,,2.0,,1.0,1.0,4.0,0.0,1.0,1.0,,1.0,,,0.0,,,3.0,,0.0,,,
731,0.0,,3.0,1.0,,1.0,1.0,1.0,0.0,,1.0,,0.0,0.0,0.0,0.0,0.0,2.0,,4.0,,,0.0,,,0.0,,1.0,,,
732,1.0,,1.0,0.0,,4.0,5.0,1.0,2.0,,1.0,,2.0,0.0,5.0,6.0,3.0,1.0,,1.0,,,1.0,,,0.0,,1.0,,,
733,0.0,,3.0,1.0,,2.0,1.0,0.0,1.0,,0.0,,2.0,1.0,1.0,2.0,2.0,1.0,,1.0,,,0.0,,,1.0,,0.0,,,
734,2.0,,1.0,2.0,,4.0,2.0,2.0,1.0,,2.0,,3.0,1.0,0.0,2.0,4.0,2.0,,2.0,,,1.0,,,4.0,,0.0,,,
735,1.0,,1.0,0.0,,2.0,5.0,1.0,1.0,,0.0,,1.0,0.0,3.0,1.0,1.0,1.0,,0.0,,,0.0,,,1.0,,0.0,,,
736,1.0,,1.0,1.0,,1.0,3.0,0.0,2.0,,0.0,,2.0,0.0,0.0,1.0,2.0,0.0,,0.0,,,2.0,,,0.0,,0.0,,,
737,0.0,,0.0,1.0,,1.0,2.0,3.0,2.0,,0.0,,1.0,0.0,4.0,1.0,0.0,1.0,,3.0,,,1.0,,,1.0,,1.0,,,
738,0.0,,2.0,2.0,,1.0,3.0,3.0,1.0,,0.0,,3.0,3.0,4.0,0.0,2.0,1.0,,2.0,,,1.0,,,0.0,,1.0,,,
739,1.0,,3.0,1.0,,5.0,5.0,0.0,0.0,,0.0,,0.0,0.0,2.0,0.0,4.0,1.0,,0.0,,,4.0,,,1.0,,1.0,,,
740,,,1.0,,,3.0,1.0,1.0,1.0,,1.0,,2.0,0.0,3.0,1.0,2.0,1.0,,1.0,,,1.0,,,1.0,,2.0,,,
741,1.0,,2.0,1.0,,2.0,1.0,2.0,1.0,,1.0,,2.0,0.0,1.0,4.0,2.0,1.0,,1.0,,,0.0,,,2.0,,2.0,,,
742,,,0.0,0.0,,3.0,3.0,1.0,2.0,,0.0,,1.0,0.0,1.0,,3.0,1.0,,1.0,,,1.0,,,1.0,,1.0,,,
743,1.0,,2.0,1.0,,1.0,3.0,0.0,0.0,,0.0,,1.0,0.0,2.0,0.0,0.0,3.0,,4.0,,,1.0,,,0.0,,0.0,,,
744,0.0,,0.0,0.0,,5.0,3.0,1.0,2.0,,2.0,,1.0,2.0,2.0,1.0,2.0,0.0,,3.0,,,0.0,,,0.0,,3.0,,,
745,1.0,,1.0,0.0,,3.0,3.0,1.0,1.0,,1.0,,3.0,0.0,2.0,1.0,3.0,2.0,,1.0,,,0.0,,,2.0,,1.0,,,
746,1.0,,0.0,1.0,,2.0,2.0,1.0,0.0,,3.0,,2.0,0.0,4.0,1.0,1.0,0.0,,1.0,,,2.0,,,1.0,,4.0,,,
747,0.0,,,3.0,,,,,,,,,,,,,,,,,,,,,,,,,,,
748,0.0,,1.0,1.0,,2.0,1.0,1.0,0.0,,1.0,,2.0,1.0,2.0,0.0,2.0,0.0,,0.0,,,2.0,,,1.0,,0.0,,,
749,1.0,,3.0,1.0,,4.0,3.0,1.0,3.0,,3.0,,1.0,2.0,3.0,2.0,1.0,0.0,,1.0,,,0.0,,,1.0,,1.0,,,
750,2.0,,1.0,2.0,,2.0,2.0,1.0,1.0,,2.0,,1.0,2.0,2.0,1.0,2.0,1.0,,1.0,,,1.0,,,0.0,,0.0,,,
751,3.0,,3.0,1.0,,2.0,2.0,0.0,3.0,,3.0,,2.0,3.0,1.0,2.0,1.0,0.0,,2.0,,,1.0,,,1.0,,1.0,,,
752,0.0,,0.0,2.0,,4.0,3.0,2.0,2.0,,0.0,,1.0,,5.0,2.0,2.0,0.0,,2.0,,2.0,,2.0,,,,0.0,,1.0,
753,2.0,,0.0,0.0,,5.0,6.0,0.0,1.0,,0.0,,3.0,,0.0,1.0,3.0,4.0,,1.0,,3.0,,1.0,,,,2.0,,1.0,
754,0.0,,4.0,1.0,,,1.0,2.0,0.0,,4.0,,,,1.0,0.0,,,,1.0,,,,,,,,0.0,,3.0,
755,1.0,,0.0,1.0,,6.0,2.0,0.0,2.0,,2.0,,0.0,,4.0,2.0,1.0,1.0,,1.0,,1.0,,1.0,,,,0.0,,0.0,
756,4.0,,0.0,3.0,,1.0,4.0,4.0,5.0,,0.0,,2.0,,4.0,1.0,3.0,0.0,,0.0,,2.0,,0.0,,,,3.0,,0.0,
757,0.0,,0.0,1.0,,1.0,5.0,1.0,0.0,,0.0,,1.0,,3.0,0.0,1.0,1.0,,1.0,,2.0,,2.0,,,,3.0,,1.0,
758,2.0,,1.0,1.0,,4.0,1.0,0.0,5.0,,2.0,,1.0,,3.0,1.0,2.0,0.0,,1.0,,0.0,,1.0,,,,2.0,,0.0,
759,2.0,,3.0,2.0,,0.0,1.0,1.0,2.0,,0.0,,3.0,,1.0,0.0,4.0,1.0,,1.0,,0.0,,0.0,,,,1.0,,0.0,
760,3.0,,0.0,2.0,,1.0,4.0,1.0,3.0,,0.0,,0.0,,2.0,1.0,2.0,1.0,,2.0,,1.0,,2.0,,,,0.0,,1.0,
761,2.0,,0.0,0.0,,6.0,7.0,1.0,0.0,,1.0,,3.0,,3.0,3.0,1.0,0.0,,0.0,,1.0,,1.0,,,,1.0,,1.0,
762,1.0,,0.0,1.0,,2.0,4.0,3.0,1.0,,3.0,,1.0,,1.0,2.0,1.0,3.0,,4.0,,2.0,,1.0,,,,3.0,,1.0,
763,3.0,,,1.0,,3.0,,2.0,0.0,,1.0,,3.0,,,,2.0,0.0,,0.0,,1.0,,1.0,,,,3.0,,0.0,
764,4.0,,0.0,0.0,,2.0,1.0,2.0,3.0,,1.0,,1.0,,2.0,0.0,1.0,1.0,,1.0,,0.0,,0.0,,,,1.0,,1.0,
765,1.0,,1.0,3.0,,0.0,3.0,4.0,1.0,,2.0,,1.0,,5.0,2.0,1.0,6.0,,2.0,,1.0,,0.0,,,,2.0,,3.0,
766,0.0,,0.0,0.0,,0.0,1.0,1.0,0.0,,0.0,,2.0,,1.0,1.0,1.0,1.0,,0.0,,1.0,,3.0,,,,2.0,,0.0,
767,1.0,,0.0,2.0,,2.0,0.0,2.0,1.0,,0.0,,0.0,,3.0,0.0,2.0,0.0,,0.0,,0.0,,2.0,,,,2.0,,0.0,
768,3.0,,0.0,1.0,,1.0,1.0,0.0,,,3.0,,2.0,,1.0,0.0,3.0,3.0,,1.0,,2.0,,0.0,,,,,,1.0,
769,1.0,,1.0,2.0,,2.0,4.0,5.0,2.0,,1.0,,1.0,,1.0,3.0,5.0,1.0,,2.0,,1.0,,3.0,,,,0.0,,0.0,
770,0.0,,0.0,0.0,,2.0,5.0,1.0,0.0,,0.0,,1.0,,2.0,2.0,1.0,0.0,,1.0,,0.0,,1.0,,,,1.0,,2.0,
771,2.0,,0.0,1.0,,6.0,3.0,0.0,1.0,,1.0,,3.0,,2.0,2.0,5.0,0.0,,0.0,,0.0,,0.0,,,,1.0,,0.0,
772,0.0,,1.0,1.0,,2.0,4.0,2.0,3.0,,2.0,,0.0,,2.0,0.0,1.0,3.0,,1.0,,0.0,,2.0,,,,2.0,,1.0,
773,0.0,,1.0,2.0,,3.0,2.0,3.0,4.0,,1.0,,1.0,,4.0,1.0,2.0,3.0,,3.0,,0.0,,0.0,,,,2.0,,2.0,
774,4.0,,4.0,2.0,,1.0,1.0,1.0,0.0,,3.0,,3.0,,1.0,0.0,1.0,0.0,,0.0,,1.0,,3.0,,,,1.0,,1.0,
775,3.0,,2.0,0.0,,5.0,4.0,2.0,,,2.0,,3.0,,2.0,1.0,1.0,2.0,,0.0,,0.0,,1.0,,,,,,2.0,
776,2.0,,1.0,1.0,,1.0,2.0,1.0,1.0,,2.0,,2.0,,3.0,1.0,1.0,3.0,,0.0,,4.0,,2.0,,,,2.0,,0.0,
777,1.0,,1.0,3.0,,4.0,0.0,0.0,1.0,,1.0,,0.0,,3.0,0.0,1.0,2.0,,1.0,,0.0,,0.0,,,,0.0,,2.0,
778,1.0,,0.0,0.0,,4.0,4.0,2.0,1.0,,2.0,,4.0,,5.0,2.0,0.0,0.0,,1.0,,0.0,,1.0,,,,0.0,,0.0,
779,4.0,,0.0,0.0,,3.0,3.0,1.0,2.0,,0.0,,0.0,,3.0,4.0,3.0,1.0,,1.0,,2.0,,2.0,,,,1.0,,1.0,
780,3.0,,0.0,0.0,,3.0,0.0,1.0,0.0,,2.0,,3.0,,3.0,0.0,3.0,,,,,0.0,,2.0,,,,2.0,,3.0,
781,,,,,,,,,,,,,,,,,,1.0,,0.0,,,,,,,,,,,
782,0.0,,0.0,2.0,,1.0,0.0,3.0,4.0,,3.0,,3.0,,2.0,0.0,0.0,2.0,,1.0,,0.0,,1.0,,,,1.0,,0.0,
783,1.0,,0.0,1.0,,2.0,3.0,2.0,0.0,,0.0,,4.0,,3.0,2.0,5.0,0.0,,2.0,,0.0,,2.0,,,,0.0,,1.0,
784,4.0,,1.0,0.0,,3.0,3.0,1.0,0.0,,3.0,,5.0,,3.0,6.0,3.0,0.0,,0.0,,3.0,,0.0,,,,3.0,,1.0,
785,5.0,,4.0,1.0,,2.0,1.0,3.0,0.0,,2.0,,3.0,,0.0,1.0,1.0,1.0,,0.0,,2.0,,3.0,,,,0.0,,2.0,
786,2.0,,,0.0,,2.0,4.0,0.0,1.0,,3.0,,4.0,,0.0,2.0,5.0,3.0,,,,4.0,1.0,1.0,,1.0,,1.0,,,1.0
787,2.0,,,2.0,,3.0,2.0,0.0,1.0,,2.0,,3.0,,2.0,1.0,3.0,1.0,,,,2.0,1.0,1.0,,2.0,,4.0,,,1.0
788,3.0,,,2.0,,,,0.0,0.0,,1.0,,,,6.0,,,3.0,,,,2.0,1.0,,,,,,,,1.0
789,1.0,,,0.0,,4.0,0.0,1.0,0.0,,2.0,,2.0,,5.0,0.0,2.0,1.0,,,,1.0,2.0,0.0,,3.0,,3.0,,,1.0
790,0.0,,,3.0,,4.0,1.0,3.0,2.0,,1.0,,3.0,,6.0,0.0,2.0,0.0,,,,0.0,1.0,1.0,,1.0,,1.0,,,0.0
791,1.0,,,0.0,,4.0,,0.0,1.0,,0.0,,0.0,,,0.0,3.0,3.0,,,,3.0,0.0,2.0,,2.0,,3.0,,,0.0
792,1.0,,,0.0,,3.0,0.0,0.0,,,0.0,,1.0,,3.0,3.0,4.0,1.0,,,,2.0,1.0,1.0,,2.0,,1.0,,,2.0
793,0.0,,,0.0,,4.0,1.0,0.0,0.0,,1.0,,3.0,,2.0,0.0,2.0,1.0,,,,0.0,0.0,1.0,,0.0,,4.0,,,1.0
794,0.0,,,1.0,,3.0,3.0,4.0,2.0,,0.0,,2.0,,4.0,0.0,3.0,1.0,,,,2.0,4.0,1.0,,2.0,,0.0,,,1.0
795,2.0,,,0.0,,5.0,2.0,0.0,0.0,,3.0,,2.0,,1.0,1.0,,,,,,1.0,1.0,3.0,,0.0,,0.0,,,0.0
796,1.0,,,0.0,,6.0,4.0,1.0,1.0,,1.0,,1.0,,2.0,1.0,1.0,3.0,,,,1.0,2.0,3.0,,0.0,,5.0,,,2.0
797,4.0,,,4.0,,4.0,2.0,2.0,0.0,,3.0,,3.0,,1.0,1.0,0.0,3.0,,,,2.0,0.0,1.0,,1.0,,1.0,,,2.0
798,1.0,,,0.0,,3.0,5.0,2.0,2.0,,3.0,,0.0,,4.0,0.0,3.0,1.0,,,,2.0,1.0,0.0,,5.0,,1.0,,,0.0
799,1.0,,,3.0,,2.0,2.0,1.0,2.0,,3.0,,3.0,,1.0,1.0,1.0,1.0,,,,2.0,5.0,0.0,,0.0,,1.0,,,0.0
800,1.0,,,1.0,,2.0,2.0,2.0,0.0,,0.0,,4.0,,3.0,2.0,4.0,3.0,,,,2.0,1.0,1.0,,0.0,,0.0,,,1.0
801,2.0,,,1.0,,4.0,2.0,1.0,1.0,,1.0,,2.0,,4.0,0.0,0.0,4.0,,,,1.0,2.0,2.0,,0.0,,1.0,,,5.0
802,2.0,,,0.0,,3.0,3.0,0.0,1.0,,2.0,,2.0,,2.0,0.0,1.0,2.0,,,,1.0,2.0,0.0,,2.0,,2.0,,,1.0
