Unnamed: 0,Sparta,Den Bosch,Cambuur,For Sittard,Graafschap,PSV Eindhoven,Ajax,Utrecht,Waalwijk,MVV Maastricht,Heerenveen,Roda,Twente,Willem II,Feyenoord,Vitesse,AZ Alkmaar,Nijmegen,NAC Breda,Groningen,Roosendaal,Excelsior,Zwolle,Volendam,Den Haag,Heracles,VVV Venlo,Go Ahead Eagles,Dordrecht,FC Emmen,Almere City
0,0.0,0.0,1.0,1.0,0.0,4.0,3.0,1.0,1.0,1.0,2.0,0.0,1.0,2.0,4.0,1.0,2.0,0.0,,,,,,,,,,,,,
1,1.0,1.0,0.0,2.0,1.0,6.0,6.0,,2.0,2.0,3.0,1.0,4.0,2.0,4.0,1.0,,2.0,,,,,,,,,,,,,
2,,1.0,0.0,1.0,,2.0,3.0,1.0,1.0,2.0,1.0,4.0,0.0,2.0,3.0,6.0,2.0,3.0,,,,,,,,,,,,,
3,3.0,,1.0,0.0,1.0,2.0,2.0,0.0,2.0,1.0,2.0,2.0,0.0,4.0,2.0,0.0,1.0,,,,,,,,,,,,,,
4,2.0,1.0,1.0,0.0,1.0,,,1.0,,1.0,,,3.0,,1.0,,0.0,,,,,,,,,,,,,,
5,1.0,,,,1.0,,1.0,2.0,1.0,,2.0,0.0,,3.0,,2.0,1.0,,,,,,,,,,,,,,
6,3.0,3.0,2.0,0.0,2.0,6.0,3.0,2.0,2.0,0.0,0.0,3.0,0.0,1.0,1.0,1.0,4.0,2.0,,,,,,,,,,,,,
7,0.0,0.0,1.0,4.0,,7.0,,,,1.0,3.0,,,,,,,2.0,,,,,,,,,,,,,
8,,2.0,,,1.0,,6.0,1.0,2.0,,,2.0,3.0,3.0,0.0,5.0,0.0,1.0,,,,,,,,,,,,,
9,1.0,2.0,0.0,1.0,2.0,6.0,4.0,0.0,1.0,1.0,1.0,2.0,1.0,1.0,0.0,0.0,3.0,0.0,,,,,,,,,,,,,
10,3.0,0.0,0.0,0.0,0.0,7.0,3.0,1.0,1.0,4.0,1.0,2.0,0.0,2.0,1.0,1.0,6.0,1.0,,,,,,,,,,,,,
11,2.0,1.0,1.0,3.0,0.0,2.0,6.0,4.0,1.0,0.0,1.0,0.0,2.0,1.0,2.0,1.0,0.0,1.0,,,,,,,,,,,,,
12,2.0,1.0,1.0,0.0,0.0,3.0,1.0,1.0,4.0,1.0,2.0,2.0,3.0,,,3.0,0.0,2.0,,,,,,,,,,,,,
13,,,,1.0,0.0,,,2.0,,3.0,4.0,,,2.0,,,4.0,0.0,,,,,,,,,,,,,
14,1.0,0.0,2.0,,,1.0,2.0,,3.0,,,3.0,3.0,,3.0,,,2.0,,,,,,,,,,,,,
15,1.0,0.0,0.0,1.0,1.0,1.0,2.0,0.0,3.0,3.0,1.0,2.0,1.0,2.0,3.0,3.0,2.0,0.0,,,,,,,,,,,,,
16,1.0,1.0,1.0,2.0,2.0,0.0,2.0,2.0,2.0,1.0,4.0,3.0,4.0,0.0,1.0,2.0,1.0,2.0,,,,,,,,,,,,,
17,,0.0,4.0,0.0,2.0,,,3.0,1.0,,2.0,,1.0,0.0,1.0,2.0,5.0,,,,,,,,,,,,,,
18,1.0,1.0,0.0,1.0,,2.0,1.0,3.0,2.0,0.0,,0.0,2.0,4.0,3.0,0.0,2.0,1.0,,,,,,,,,,,,,
19,,2.0,,0.0,3.0,1.0,,1.0,0.0,4.0,,2.0,,,,1.0,2.0,,,,,,,,,,,,,,
20,3.0,2.0,,,0.0,3.0,1.0,,1.0,0.0,4.0,,,1.0,0.0,3.0,,1.0,,,,,,,,,,,,,
21,0.0,,,3.0,1.0,0.0,1.0,3.0,,,1.0,1.0,2.0,0.0,4.0,3.0,1.0,1.0,,,,,,,,,,,,,
22,2.0,0.0,1.0,,3.0,2.0,,,,0.0,1.0,,,,,1.0,,,,,,,,,,,,,,,
23,,,0.0,,1.0,0.0,1.0,,1.0,0.0,1.0,0.0,4.0,0.0,1.0,3.0,1.0,0.0,,,,,,,,,,,,,
24,1.0,2.0,1.0,3.0,3.0,6.0,3.0,2.0,0.0,0.0,3.0,1.0,1.0,1.0,2.0,1.0,0.0,2.0,,,,,,,,,,,,,
25,0.0,0.0,,2.0,,4.0,0.0,2.0,0.0,2.0,,3.0,1.0,3.0,3.0,,4.0,1.0,,,,,,,,,,,,,
26,,0.0,0.0,0.0,1.0,3.0,3.0,2.0,,,0.0,,0.0,1.0,3.0,3.0,2.0,1.0,,,,,,,,,,,,,
27,1.0,2.0,0.0,2.0,,,,,,,,2.0,2.0,,,,,,,,,,,,,,,,,,
28,2.0,,0.0,,1.0,3.0,2.0,2.0,1.0,2.0,2.0,,,2.0,1.0,2.0,4.0,3.0,,,,,,,,,,,,,
29,1.0,,,2.0,,2.0,,3.0,1.0,0.0,0.0,1.0,2.0,0.0,3.0,1.0,3.0,0.0,,,,,,,,,,,,,
30,,,1.0,,,,,,,,,3.0,,2.0,,,2.0,,,,,,,,,,,,,,
31,3.0,0.0,2.0,,3.0,,0.0,1.0,1.0,2.0,3.0,0.0,0.0,,0.0,2.0,,0.0,,,,,,,,,,,,,
32,1.0,0.0,0.0,2.0,2.0,2.0,,1.0,0.0,0.0,3.0,4.0,1.0,2.0,3.0,,4.0,1.0,,,,,,,,,,,,,
33,,,2.0,2.0,0.0,6.0,0.0,,,1.0,3.0,,,1.0,3.0,,,2.0,,,,,,,,,,,,,
34,2.0,0.0,,3.0,,,0.0,2.0,2.0,,,2.0,1.0,,,0.0,2.0,,,,,,,,,,,,,,
35,2.0,,2.0,3.0,2.0,0.0,5.0,2.0,0.0,1.0,1.0,2.0,4.0,0.0,1.0,3.0,,2.0,,,,,,,,,,,,,
36,1.0,1.0,2.0,0.0,1.0,5.0,0.0,1.0,2.0,0.0,1.0,3.0,1.0,1.0,2.0,2.0,1.0,0.0,,,,,,,,,,,,,
37,2.0,2.0,1.0,0.0,0.0,4.0,3.0,2.0,0.0,2.0,1.0,0.0,1.0,0.0,1.0,4.0,2.0,0.0,,,,,,,,,,,,,
38,1.0,1.0,0.0,0.0,0.0,1.0,4.0,3.0,1.0,0.0,3.0,3.0,1.0,4.0,1.0,4.0,1.0,1.0,,,,,,,,,,,,,
39,1.0,1.0,2.0,3.0,3.0,3.0,1.0,0.0,,0.0,5.0,1.0,1.0,5.0,,,2.0,,,,,,,,,,,,,,
40,,1.0,0.0,,,,1.0,,1.0,,2.0,3.0,2.0,,1.0,0.0,,1.0,,,,,,,,,,,,,
41,3.0,0.0,,2.0,2.0,7.0,0.0,1.0,1.0,2.0,,,,1.0,5.0,3.0,3.0,0.0,,,,,,,,,,,,,
42,0.0,1.0,4.0,1.0,0.0,2.0,1.0,0.0,2.0,0.0,1.0,2.0,4.0,1.0,2.0,1.0,0.0,0.0,,,,,,,,,,,,,
43,0.0,7.0,2.0,2.0,1.0,2.0,1.0,3.0,1.0,1.0,1.0,3.0,1.0,1.0,1.0,2.0,2.0,0.0,,,,,,,,,,,,,
44,2.0,,,0.0,2.0,0.0,5.0,2.0,1.0,,0.0,2.0,1.0,1.0,2.0,3.0,0.0,3.0,0.0,1.0,2.0,,,,,,,,,,
45,,,,0.0,1.0,,,,,,2.0,3.0,,,,,3.0,4.0,,4.0,0.0,,,,,,,,,,
46,3.0,,,,,3.0,0.0,1.0,0.0,,,,1.0,2.0,2.0,1.0,,4.0,5.0,1.0,,,,,,,,,,,
47,,,,,0.0,2.0,0.0,,2.0,,,1.0,,2.0,,,,0.0,1.0,1.0,1.0,,,,,,,,,,
48,1.0,,,0.0,,3.0,3.0,,3.0,,2.0,,2.0,,,5.0,0.0,,,1.0,,,,,,,,,,,
49,3.0,,,,4.0,,,1.0,1.0,,2.0,2.0,2.0,2.0,3.0,2.0,2.0,1.0,1.0,,5.0,,,,,,,,,,
50,,,,,,,,,,,,,,,,,,,2.0,,1.0,,,,,,,,,,
51,1.0,,,1.0,0.0,2.0,2.0,1.0,0.0,,,,2.0,,,1.0,3.0,1.0,3.0,2.0,0.0,,,,,,,,,,
52,,,,1.0,1.0,,2.0,3.0,0.0,,,,3.0,0.0,,4.0,,0.0,2.0,1.0,0.0,,,,,,,,,,
53,1.0,,,,2.0,1.0,2.0,1.0,1.0,,2.0,4.0,1.0,2.0,3.0,2.0,2.0,,,0.0,,,,,,,,,,,
54,1.0,,,1.0,4.0,0.0,2.0,2.0,1.0,,1.0,2.0,1.0,6.0,4.0,3.0,3.0,0.0,1.0,0.0,2.0,,,,,,,,,,
55,1.0,,,0.0,1.0,,4.0,5.0,,,0.0,2.0,3.0,1.0,2.0,2.0,0.0,,,4.0,3.0,,,,,,,,,,
56,2.0,,,1.0,0.0,1.0,1.0,1.0,1.0,,1.0,0.0,0.0,0.0,1.0,,5.0,3.0,2.0,0.0,,,,,,,,,,,
57,1.0,,,0.0,1.0,2.0,,1.0,4.0,,1.0,1.0,,,5.0,0.0,,2.0,,,1.0,,,,,,,,,,
58,1.0,,,1.0,1.0,2.0,1.0,1.0,,,,2.0,0.0,0.0,4.0,2.0,2.0,2.0,2.0,1.0,3.0,,,,,,,,,,
59,0.0,,,0.0,1.0,1.0,4.0,1.0,0.0,,1.0,3.0,4.0,1.0,0.0,2.0,2.0,2.0,0.0,2.0,2.0,,,,,,,,,,
60,,,,1.0,0.0,4.0,3.0,1.0,1.0,,1.0,2.0,2.0,2.0,3.0,2.0,1.0,1.0,0.0,,1.0,,,,,,,,,,
61,1.0,,,1.0,5.0,2.0,1.0,2.0,,,0.0,4.0,3.0,0.0,1.0,,1.0,0.0,1.0,0.0,0.0,,,,,,,,,,
62,1.0,,,,,,3.0,,0.0,,1.0,2.0,,,2.0,3.0,1.0,,1.0,,0.0,,,,,,,,,,
63,2.0,,,0.0,1.0,2.0,6.0,1.0,0.0,,2.0,1.0,0.0,1.0,,,1.0,1.0,,0.0,,,,,,,,,,,
64,1.0,,,2.0,0.0,1.0,1.0,5.0,1.0,,0.0,0.0,,1.0,3.0,0.0,0.0,0.0,0.0,4.0,,,,,,,,,,,
65,1.0,,,2.0,,,,,,,0.0,2.0,0.0,1.0,4.0,3.0,2.0,,2.0,,,,,,,,,,,,
66,0.0,,,1.0,0.0,5.0,5.0,3.0,2.0,,3.0,2.0,1.0,3.0,0.0,1.0,0.0,0.0,1.0,1.0,0.0,,,,,,,,,,
67,,,,1.0,,1.0,,2.0,1.0,,1.0,,2.0,2.0,2.0,0.0,,0.0,,2.0,2.0,,,,,,,,,,
68,,,,1.0,,6.0,,,,,,0.0,,,2.0,,,,0.0,,0.0,,,,,,,,,,
69,1.0,,,,1.0,3.0,3.0,,,,1.0,,,4.0,0.0,2.0,,2.0,4.0,0.0,3.0,,,,,,,,,,
70,0.0,,,0.0,0.0,1.0,,,3.0,,,,3.0,1.0,3.0,2.0,0.0,2.0,,,0.0,,,,,,,,,,
71,1.0,,,,2.0,3.0,1.0,1.0,3.0,,,2.0,,1.0,1.0,0.0,0.0,1.0,,0.0,1.0,,,,,,,,,,
72,2.0,,,0.0,1.0,2.0,3.0,3.0,2.0,,0.0,0.0,0.0,,,,3.0,,1.0,2.0,2.0,,,,,,,,,,
73,3.0,,,0.0,,,,,1.0,,6.0,4.0,0.0,1.0,,,2.0,0.0,0.0,,,,,,,,,,,,
74,,,,,,2.0,2.0,0.0,,,,,2.0,,1.0,1.0,,,0.0,0.0,,,,,,,,,,,
75,5.0,,,0.0,0.0,0.0,3.0,1.0,0.0,,0.0,0.0,1.0,6.0,0.0,0.0,1.0,1.0,0.0,0.0,1.0,,,,,,,,,,
76,,,,2.0,0.0,,3.0,0.0,3.0,,1.0,1.0,1.0,3.0,1.0,0.0,1.0,1.0,0.0,3.0,1.0,,,,,,,,,,
77,0.0,,,2.0,1.0,5.0,9.0,1.0,3.0,,2.0,3.0,1.0,2.0,5.0,3.0,0.0,1.0,2.0,0.0,0.0,,,,,,,,,,
78,0.0,,,0.0,1.0,2.0,0.0,1.0,2.0,,2.0,1.0,1.0,1.0,0.0,1.0,0.0,1.0,1.0,0.0,0.0,,,,,,,,,,
79,0.0,,,2.0,2.0,1.0,0.0,1.0,1.0,,5.0,3.0,1.0,2.0,0.0,1.0,0.0,0.0,1.0,1.0,2.0,,,,,,,,,,
80,3.0,,,2.0,2.0,0.0,1.0,0.0,1.0,,1.0,1.0,0.0,1.0,1.0,0.0,2.0,0.0,3.0,0.0,1.0,,,,,,,,,,
81,0.0,,,1.0,4.0,3.0,,1.0,1.0,,6.0,1.0,0.0,0.0,3.0,,0.0,0.0,0.0,2.0,0.0,,,,,,,,,,
82,1.0,,,1.0,1.0,1.0,1.0,2.0,1.0,,3.0,1.0,1.0,1.0,0.0,2.0,0.0,5.0,0.0,1.0,1.0,,,,,,,,,,
83,1.0,,,3.0,2.0,,2.0,2.0,2.0,,1.0,1.0,4.0,3.0,2.0,1.0,2.0,1.0,,1.0,1.0,,,,,,,,,,
84,,,,0.0,,3.0,,0.0,,,0.0,,2.0,,,,,,0.0,,,,,,,,,,,,
85,0.0,,,,0.0,2.0,3.0,3.0,1.0,,0.0,0.0,,3.0,4.0,0.0,3.0,0.0,2.0,0.0,1.0,,,,,,,,,,
86,0.0,,,,2.0,3.0,1.0,2.0,2.0,,2.0,4.0,,,2.0,2.0,2.0,1.0,2.0,1.0,,,,,,,,,,,
87,,,,0.0,,,3.0,,,,,,1.0,3.0,,3.0,,,,,0.0,,,,,,,,,,
88,2.0,,,4.0,1.0,4.0,5.0,6.0,3.0,,1.0,2.0,1.0,1.0,1.0,2.0,1.0,2.0,1.0,0.0,0.0,,,,,,,,,,
89,0.0,0.0,,0.0,3.0,2.0,1.0,0.0,0.0,,0.0,1.0,1.0,3.0,5.0,0.0,0.0,1.0,1.0,2.0,,,,,,,,,,,
90,3.0,2.0,,2.0,1.0,3.0,,1.0,0.0,,,0.0,3.0,0.0,2.0,1.0,0.0,1.0,3.0,1.0,,,,,,,,,,,
91,0.0,4.0,,0.0,1.0,1.0,2.0,0.0,4.0,,5.0,0.0,3.0,3.0,1.0,1.0,3.0,1.0,0.0,0.0,,,,,,,,,,,
92,0.0,1.0,,0.0,1.0,3.0,2.0,3.0,0.0,,1.0,0.0,0.0,1.0,3.0,1.0,2.0,0.0,1.0,1.0,,,,,,,,,,,
93,1.0,2.0,,1.0,0.0,0.0,1.0,4.0,2.0,,1.0,1.0,0.0,2.0,2.0,1.0,0.0,1.0,2.0,3.0,,,,,,,,,,,
94,0.0,1.0,,0.0,0.0,1.0,3.0,0.0,1.0,,4.0,4.0,,,,2.0,1.0,1.0,,0.0,,,,,,,,,,,
95,1.0,0.0,,2.0,4.0,0.0,4.0,2.0,1.0,,2.0,0.0,1.0,2.0,0.0,2.0,2.0,2.0,2.0,1.0,,,,,,,,,,,
96,1.0,1.0,,,0.0,1.0,5.0,2.0,2.0,,1.0,1.0,0.0,0.0,,,1.0,0.0,2.0,,,,,,,,,,,,
97,4.0,0.0,,3.0,4.0,1.0,2.0,3.0,0.0,,2.0,0.0,2.0,1.0,1.0,0.0,1.0,1.0,0.0,0.0,,,,,,,,,,,
98,0.0,,,,0.0,4.0,,,,,,3.0,,1.0,3.0,1.0,1.0,,1.0,0.0,,,,,,,,,,,
99,,1.0,,,,,,1.0,1.0,,1.0,,0.0,3.0,,1.0,,2.0,0.0,1.0,,,,,,,,,,,
100,,,,0.0,,,1.0,,,,5.0,0.0,,,,,3.0,0.0,,,,,,,,,,,,,
101,2.0,0.0,,,0.0,2.0,4.0,0.0,0.0,,1.0,,0.0,1.0,4.0,0.0,,,3.0,2.0,,,,,,,,,,,
102,2.0,3.0,,1.0,1.0,1.0,1.0,1.0,3.0,,0.0,3.0,1.0,1.0,1.0,1.0,0.0,1.0,2.0,1.0,,,,,,,,,,,
103,0.0,1.0,,2.0,0.0,3.0,1.0,6.0,1.0,,3.0,1.0,3.0,1.0,3.0,2.0,0.0,1.0,3.0,4.0,,,,,,,,,,,
104,0.0,2.0,,1.0,3.0,3.0,1.0,3.0,4.0,,0.0,0.0,0.0,1.0,3.0,2.0,3.0,0.0,5.0,0.0,,,,,,,,,,,
105,3.0,3.0,,0.0,1.0,3.0,3.0,3.0,2.0,,,1.0,2.0,2.0,3.0,,1.0,1.0,3.0,0.0,,,,,,,,,,,
106,0.0,,,1.0,1.0,3.0,,3.0,3.0,,1.0,0.0,1.0,2.0,0.0,1.0,0.0,0.0,2.0,2.0,,,,,,,,,,,
107,,,,0.0,,,4.0,,,,,,,,,,,,,,,,,,,,,,,,
108,0.0,3.0,,1.0,1.0,1.0,,,1.0,,2.0,2.0,0.0,2.0,5.0,2.0,1.0,0.0,0.0,0.0,,,,,,,,,,,
109,1.0,4.0,,2.0,1.0,0.0,1.0,2.0,1.0,,0.0,1.0,0.0,1.0,0.0,1.0,0.0,1.0,3.0,2.0,,,,,,,,,,,
110,,0.0,,3.0,,,5.0,3.0,,,2.0,,3.0,,2.0,1.0,,,,,,,,,,,,,,,
111,,,,,,8.0,1.0,3.0,1.0,,1.0,0.0,3.0,3.0,,1.0,,1.0,2.0,0.0,,,,,,,,,,,
112,1.0,0.0,,0.0,5.0,3.0,1.0,2.0,0.0,,4.0,2.0,1.0,1.0,2.0,2.0,3.0,1.0,1.0,2.0,,,,,,,,,,,
113,1.0,1.0,,0.0,0.0,1.0,,,0.0,,,0.0,0.0,3.0,5.0,0.0,0.0,1.0,,1.0,,,,,,,,,,,
114,,,,0.0,,1.0,3.0,0.0,2.0,,0.0,,,1.0,1.0,,,,0.0,3.0,,,,,,,,,,,
115,2.0,0.0,,,,,,0.0,,,2.0,1.0,4.0,,,,0.0,,2.0,,,,,,,,,,,,
116,1.0,,,1.0,3.0,,3.0,1.0,1.0,,,,,,1.0,1.0,,4.0,,0.0,,,,,,,,,,,
117,1.0,1.0,,,2.0,4.0,0.0,,,,3.0,1.0,1.0,0.0,1.0,2.0,0.0,0.0,2.0,,,,,,,,,,,,
118,0.0,1.0,,,,,,,,,,2.0,,0.0,,,4.0,,,4.0,,,,,,,,,,,
119,,1.0,,,,4.0,1.0,0.0,3.0,,,,2.0,,1.0,1.0,2.0,,0.0,,,,,,,,,,,,
120,,1.0,,1.0,0.0,,1.0,2.0,,,,,,4.0,,,1.0,,3.0,,,,,,,,,,,,
121,0.0,,,0.0,,,1.0,,1.0,,,0.0,2.0,,1.0,2.0,,0.0,,1.0,,,,,,,,,,,
122,2.0,1.0,,0.0,0.0,4.0,4.0,4.0,0.0,,2.0,1.0,0.0,0.0,4.0,2.0,1.0,3.0,2.0,1.0,,,,,,,,,,,
123,,,,1.0,1.0,,,,,,3.0,1.0,,,,,,3.0,1.0,,,,,,,,,,,,
124,0.0,0.0,,0.0,1.0,0.0,2.0,3.0,2.0,,0.0,,0.0,4.0,3.0,0.0,2.0,1.0,,1.0,,,,,,,,,,,
125,0.0,1.0,,0.0,0.0,1.0,1.0,0.0,3.0,,4.0,2.0,1.0,2.0,5.0,3.0,1.0,0.0,3.0,0.0,,,,,,,,,,,
126,0.0,1.0,,1.0,0.0,4.0,1.0,3.0,1.0,,1.0,3.0,2.0,,1.0,3.0,0.0,3.0,1.0,,,,,,,,,,,,
127,0.0,0.0,,0.0,3.0,1.0,4.0,,1.0,,0.0,0.0,2.0,3.0,0.0,0.0,0.0,,0.0,3.0,,,,,,,,,,,
128,,3.0,,2.0,1.0,,,,,,2.0,1.0,0.0,2.0,,,2.0,2.0,,2.0,,,,,,,,,,,
129,0.0,,,,,2.0,4.0,2.0,1.0,,,,,,0.0,1.0,,3.0,1.0,0.0,,,,,,,,,,,
130,0.0,1.0,,1.0,2.0,1.0,1.0,0.0,4.0,,0.0,0.0,1.0,2.0,2.0,1.0,,2.0,1.0,,,,,,,,,,,,
131,,0.0,,,1.0,6.0,2.0,3.0,,,2.0,,,0.0,0.0,,2.0,,,0.0,,,,,,,,,,,
132,0.0,,,1.0,0.0,3.0,,0.0,0.0,,2.0,1.0,2.0,2.0,3.0,4.0,5.0,0.0,3.0,2.0,,,,,,,,,,,
133,0.0,0.0,,0.0,2.0,2.0,2.0,0.0,3.0,,0.0,0.0,0.0,0.0,0.0,2.0,1.0,0.0,0.0,0.0,1.0,,1.0,,,,,,,,
134,,,,,2.0,2.0,3.0,1.0,4.0,,3.0,2.0,0.0,2.0,2.0,2.0,3.0,0.0,2.0,1.0,,0.0,,,,,,,,,
135,,,,,2.0,1.0,2.0,1.0,2.0,,1.0,2.0,1.0,1.0,2.0,1.0,0.0,2.0,1.0,0.0,0.0,1.0,1.0,,,,,,,,
136,,,,,0.0,4.0,3.0,4.0,3.0,,0.0,1.0,2.0,0.0,4.0,0.0,0.0,0.0,0.0,1.0,3.0,1.0,1.0,,,,,,,,
137,,,,,1.0,4.0,2.0,0.0,0.0,,0.0,4.0,1.0,2.0,5.0,3.0,2.0,2.0,2.0,2.0,0.0,4.0,0.0,,,,,,,,
138,,,,,0.0,3.0,3.0,0.0,1.0,,0.0,1.0,0.0,1.0,2.0,1.0,2.0,1.0,2.0,0.0,2.0,1.0,1.0,,,,,,,,
139,,,,,0.0,4.0,2.0,1.0,0.0,,2.0,3.0,3.0,5.0,2.0,0.0,4.0,4.0,2.0,1.0,4.0,3.0,2.0,,,,,,,,
140,,,,,0.0,2.0,2.0,2.0,0.0,,1.0,2.0,1.0,1.0,1.0,3.0,1.0,2.0,2.0,0.0,2.0,3.0,2.0,,,,,,,,
141,,,,,1.0,0.0,6.0,1.0,3.0,,1.0,0.0,1.0,3.0,1.0,1.0,2.0,3.0,3.0,2.0,1.0,1.0,0.0,,,,,,,,
142,,,,,,,,,,,,2.0,,,,0.0,,,,,,,,,,,,,,,
143,,,,,0.0,5.0,1.0,,1.0,,2.0,5.0,2.0,1.0,5.0,0.0,1.0,0.0,0.0,,,0.0,,,,,,,,,
144,,,,,1.0,0.0,3.0,1.0,0.0,,3.0,,0.0,0.0,2.0,,1.0,0.0,0.0,0.0,0.0,0.0,5.0,,,,,,,,
145,,,,,1.0,3.0,1.0,,,,1.0,1.0,,1.0,2.0,3.0,2.0,,0.0,0.0,0.0,1.0,0.0,,,,,,,,
146,,,,,0.0,1.0,1.0,2.0,0.0,,5.0,2.0,0.0,,1.0,0.0,0.0,2.0,0.0,0.0,1.0,2.0,,,,,,,,,
147,,,,,1.0,6.0,2.0,1.0,,,5.0,0.0,1.0,5.0,4.0,,1.0,2.0,2.0,1.0,0.0,1.0,0.0,,,,,,,,
148,,,,,2.0,5.0,2.0,0.0,4.0,,3.0,0.0,0.0,1.0,2.0,0.0,2.0,1.0,0.0,1.0,1.0,1.0,1.0,,,,,,,,
149,,,,,1.0,,,,1.0,,0.0,2.0,2.0,0.0,5.0,1.0,3.0,1.0,0.0,,3.0,0.0,1.0,,,,,,,,
150,,,,,1.0,2.0,,,0.0,,,2.0,3.0,0.0,,2.0,,1.0,,,1.0,,2.0,,,,,,,,
151,,,,,,,2.0,1.0,1.0,,1.0,,,1.0,2.0,1.0,0.0,1.0,0.0,1.0,,,0.0,0.0,0.0,,,,,,
152,,,,,,6.0,1.0,1.0,3.0,,1.0,3.0,0.0,1.0,0.0,0.0,3.0,1.0,2.0,0.0,0.0,,0.0,3.0,1.0,,,,,,
153,,,,,,2.0,1.0,0.0,3.0,,0.0,0.0,0.0,2.0,2.0,1.0,2.0,1.0,1.0,2.0,2.0,,0.0,0.0,0.0,,,,,,
154,,,,,,2.0,4.0,1.0,1.0,,1.0,0.0,1.0,1.0,2.0,1.0,2.0,2.0,1.0,0.0,1.0,,0.0,1.0,1.0,,,,,,
155,,,,,,3.0,2.0,1.0,1.0,,1.0,1.0,2.0,2.0,1.0,1.0,3.0,3.0,4.0,1.0,2.0,,1.0,2.0,1.0,,,,,,
156,,,,,,0.0,6.0,1.0,2.0,,3.0,0.0,0.0,0.0,3.0,3.0,1.0,1.0,0.0,0.0,1.0,,0.0,1.0,2.0,,,,,,
157,,,,,,4.0,3.0,2.0,0.0,,1.0,2.0,5.0,0.0,2.0,3.0,2.0,0.0,1.0,1.0,0.0,,2.0,2.0,0.0,,,,,,
158,,,,,,2.0,5.0,0.0,2.0,,0.0,1.0,5.0,0.0,1.0,2.0,3.0,0.0,3.0,3.0,0.0,,1.0,1.0,2.0,,,,,,
159,,,,,,2.0,2.0,2.0,1.0,,1.0,1.0,2.0,1.0,2.0,1.0,4.0,2.0,1.0,2.0,2.0,,0.0,2.0,1.0,,,,,,
160,,,,,,3.0,3.0,2.0,1.0,,1.0,5.0,0.0,4.0,3.0,2.0,2.0,0.0,1.0,3.0,1.0,,1.0,2.0,1.0,,,,,,
161,,,,,,1.0,4.0,1.0,0.0,,1.0,2.0,1.0,2.0,3.0,2.0,2.0,2.0,1.0,3.0,1.0,,1.0,1.0,1.0,,,,,,
162,,,,,,3.0,3.0,1.0,1.0,,1.0,5.0,4.0,6.0,3.0,0.0,1.0,2.0,2.0,1.0,1.0,,0.0,0.0,0.0,,,,,,
163,,,,,,4.0,2.0,3.0,1.0,,,1.0,2.0,3.0,0.0,1.0,1.0,0.0,1.0,2.0,0.0,,0.0,,1.0,,,,,,
164,,,,,,,,,1.0,,2.0,,0.0,,,,2.0,1.0,,1.0,,,,2.0,0.0,,,,,,
165,,,,,,7.0,,2.0,,,3.0,,,0.0,4.0,5.0,0.0,,2.0,,1.0,,2.0,0.0,1.0,,,,,,
166,,,,,,3.0,1.0,0.0,1.0,,1.0,2.0,4.0,1.0,2.0,0.0,6.0,2.0,2.0,1.0,1.0,,1.0,0.0,0.0,,,,,,
167,,,,,,0.0,0.0,3.0,0.0,,2.0,1.0,2.0,2.0,0.0,0.0,,1.0,3.0,1.0,2.0,,0.0,0.0,,,,,,,
168,,,,,,,2.0,,,,,1.0,,,,,0.0,,3.0,,,,,2.0,1.0,,,,,,
169,,,,,,2.0,1.0,2.0,1.0,,1.0,2.0,3.0,2.0,3.0,0.0,,0.0,,0.0,3.0,,0.0,,,,,,,,
170,,,,,,5.0,,0.0,4.0,,,,0.0,0.0,2.0,0.0,0.0,1.0,,,1.0,,1.0,0.0,,,,,,,
171,,,,,,3.0,4.0,1.0,1.0,,,3.0,2.0,1.0,3.0,0.0,1.0,2.0,1.0,0.0,,,1.0,1.0,0.0,,,,,,
172,,,,,,1.0,2.0,,3.0,,3.0,,2.0,1.0,0.0,0.0,3.0,0.0,4.0,2.0,1.0,,0.0,0.0,0.0,,,,,,
173,,,,,,,,2.0,0.0,,0.0,4.0,,2.0,0.0,,3.0,,,1.0,1.0,,,,3.0,,,,,,
174,,,,,,1.0,2.0,0.0,2.0,,1.0,0.0,0.0,1.0,2.0,1.0,,4.0,0.0,,2.0,,0.0,0.0,2.0,,,,,,
175,,,,,,2.0,1.0,1.0,,,3.0,1.0,0.0,,,1.0,2.0,1.0,2.0,2.0,1.0,,2.0,0.0,,,,,,,
176,,,,,,,1.0,,,,4.0,0.0,,,,1.0,,,1.0,1.0,,,1.0,,1.0,,,,,,
177,,,,,,1.0,0.0,1.0,2.0,,2.0,2.0,4.0,0.0,3.0,,1.0,1.0,1.0,1.0,1.0,,,0.0,2.0,,,,,,
178,,,,,,4.0,1.0,0.0,0.0,,2.0,1.0,1.0,2.0,2.0,0.0,3.0,1.0,0.0,0.0,2.0,,1.0,0.0,2.0,,,,,,
179,,,,,,0.0,4.0,2.0,1.0,,2.0,2.0,2.0,1.0,1.0,1.0,1.0,5.0,3.0,0.0,1.0,,1.0,1.0,0.0,,,,,,
180,,,,,,1.0,5.0,2.0,0.0,,0.0,6.0,0.0,1.0,1.0,0.0,2.0,0.0,1.0,0.0,0.0,,3.0,0.0,0.0,,,,,,
181,,,,,,1.0,1.0,2.0,3.0,,1.0,0.0,0.0,3.0,3.0,3.0,1.0,2.0,5.0,1.0,0.0,,1.0,1.0,1.0,,,,,,
182,,,,,,4.0,2.0,5.0,0.0,,1.0,0.0,1.0,0.0,3.0,1.0,2.0,4.0,0.0,1.0,1.0,,1.0,2.0,3.0,,,,,,
183,,,,,,5.0,1.0,0.0,3.0,,4.0,4.0,2.0,1.0,1.0,2.0,0.0,0.0,2.0,0.0,1.0,,2.0,0.0,1.0,,,,,,
184,,,,,,3.0,1.0,0.0,1.0,,0.0,1.0,0.0,1.0,3.0,1.0,1.0,0.0,2.0,1.0,1.0,,1.0,4.0,1.0,,,,,,
185,,,,,,3.0,0.0,1.0,0.0,,0.0,1.0,2.0,0.0,2.0,0.0,7.0,0.0,1.0,2.0,0.0,,2.0,0.0,0.0,,,,,,
186,,,,,,5.0,5.0,0.0,1.0,,0.0,2.0,1.0,3.0,1.0,2.0,2.0,2.0,2.0,2.0,0.0,,0.0,0.0,1.0,,,,,,
187,,,,,,3.0,2.0,2.0,3.0,,1.0,2.0,3.0,0.0,4.0,0.0,0.0,1.0,0.0,0.0,1.0,,0.0,1.0,2.0,,,,,,
188,,,,,,4.0,5.0,0.0,3.0,,0.0,2.0,2.0,2.0,7.0,3.0,2.0,1.0,5.0,2.0,1.0,,1.0,2.0,4.0,,,,,,
189,,1.0,,,1.0,5.0,3.0,2.0,0.0,,1.0,2.0,2.0,0.0,6.0,3.0,1.0,2.0,3.0,0.0,2.0,,,,0.0,,,,,,
190,,1.0,,,1.0,5.0,6.0,5.0,1.0,,3.0,4.0,0.0,0.0,4.0,1.0,1.0,2.0,2.0,0.0,1.0,,,,1.0,,,,,,
191,,1.0,,,1.0,2.0,1.0,1.0,1.0,,1.0,2.0,4.0,2.0,1.0,1.0,2.0,1.0,2.0,2.0,2.0,,,,3.0,,,,,,
192,,0.0,,,0.0,1.0,3.0,1.0,0.0,,2.0,1.0,1.0,3.0,3.0,1.0,5.0,0.0,3.0,2.0,4.0,,,,3.0,,,,,,
193,,0.0,,,2.0,3.0,5.0,3.0,2.0,,3.0,1.0,0.0,0.0,0.0,4.0,1.0,0.0,0.0,2.0,0.0,,,,0.0,,,,,,
194,,0.0,,,0.0,4.0,1.0,2.0,4.0,,0.0,0.0,0.0,1.0,4.0,0.0,3.0,0.0,0.0,0.0,0.0,,,,0.0,,,,,,
195,,2.0,,,2.0,3.0,0.0,3.0,2.0,,1.0,3.0,2.0,3.0,4.0,2.0,0.0,3.0,3.0,0.0,0.0,,,,0.0,,,,,,
196,,0.0,,,2.0,,,,,,,5.0,1.0,2.0,,,,,,,,,,,0.0,,,,,,
197,,,,,,0.0,,0.0,,,,0.0,,,,,,,4.0,,,,,,,,,,,,
198,,2.0,,,,,1.0,,1.0,,4.0,1.0,1.0,3.0,1.0,4.0,4.0,0.0,,4.0,0.0,,,,3.0,,,,,,
199,,0.0,,,0.0,3.0,,0.0,0.0,,0.0,,,,,,4.0,,,,3.0,,,,,,,,,,
200,,0.0,,,0.0,4.0,,1.0,,,2.0,5.0,4.0,2.0,2.0,2.0,2.0,1.0,0.0,1.0,0.0,,,,0.0,,,,,,
201,,0.0,,,3.0,3.0,1.0,0.0,2.0,,1.0,3.0,0.0,0.0,3.0,0.0,5.0,2.0,1.0,0.0,1.0,,,,1.0,,,,,,
202,,0.0,,,1.0,0.0,4.0,1.0,1.0,,2.0,2.0,0.0,0.0,0.0,3.0,2.0,3.0,0.0,0.0,0.0,,,,2.0,,,,,,
203,,1.0,,,2.0,4.0,2.0,0.0,1.0,,2.0,0.0,3.0,0.0,1.0,2.0,1.0,1.0,0.0,3.0,0.0,,,,0.0,,,,,,
204,,0.0,,,0.0,4.0,0.0,0.0,1.0,,1.0,4.0,0.0,0.0,0.0,1.0,1.0,0.0,1.0,1.0,3.0,,,,0.0,,,,,,
205,,0.0,,,2.0,4.0,,,,,,,,3.0,7.0,,,1.0,,,1.0,,,,2.0,,,,,,
206,,0.0,,,2.0,,2.0,0.0,1.0,,1.0,1.0,1.0,,2.0,3.0,1.0,,0.0,0.0,,,,,4.0,,,,,,
207,,1.0,,,0.0,3.0,2.0,0.0,0.0,,0.0,1.0,0.0,1.0,3.0,2.0,3.0,1.0,1.0,4.0,0.0,,,,1.0,,,,,,
208,,,,,0.0,,,2.0,2.0,,,1.0,2.0,0.0,,2.0,,0.0,2.0,,1.0,,,,,,,,,,
209,,1.0,,,2.0,4.0,1.0,1.0,2.0,,1.0,1.0,3.0,2.0,4.0,2.0,3.0,0.0,1.0,2.0,0.0,,,,0.0,,,,,,
210,,0.0,,,0.0,1.0,,,2.0,,2.0,3.0,,,4.0,0.0,3.0,2.0,1.0,0.0,1.0,,,,0.0,,,,,,
211,,,,,,4.0,0.0,0.0,,,1.0,,2.0,1.0,,,,,,1.0,,,,,1.0,,,,,,
212,,,,,1.0,2.0,1.0,0.0,0.0,,2.0,,1.0,4.0,4.0,1.0,2.0,4.0,,3.0,,,,,0.0,,,,,,
213,,1.0,,,,1.0,3.0,,,,,,2.0,0.0,2.0,,1.0,1.0,1.0,2.0,,,,,,,,,,,
214,,,,,,3.0,,3.0,,,7.0,4.0,,,,0.0,2.0,,,,1.0,,,,1.0,,,,,,
215,,2.0,,,0.0,,1.0,2.0,2.0,,,,2.0,2.0,2.0,,1.0,2.0,1.0,0.0,,,,,,,,,,,
216,,0.0,,,0.0,2.0,4.0,0.0,1.0,,3.0,1.0,2.0,1.0,1.0,3.0,2.0,0.0,2.0,1.0,1.0,,,,0.0,,,,,,
217,,1.0,,,1.0,4.0,4.0,1.0,0.0,,2.0,4.0,0.0,2.0,0.0,2.0,1.0,2.0,1.0,4.0,2.0,,,,2.0,,,,,,
218,,0.0,,,0.0,4.0,2.0,0.0,2.0,,2.0,1.0,3.0,3.0,2.0,0.0,0.0,3.0,2.0,1.0,3.0,,,,6.0,,,,,,
219,,0.0,,,1.0,0.0,2.0,3.0,0.0,,2.0,0.0,1.0,3.0,6.0,2.0,1.0,1.0,1.0,1.0,3.0,,,,3.0,,,,,,
220,0.0,,,,,1.0,,0.0,2.0,,2.0,2.0,0.0,1.0,2.0,2.0,3.0,0.0,0.0,1.0,0.0,,,,,1.0,,,,,
221,1.0,,,,,2.0,2.0,1.0,2.0,,5.0,4.0,0.0,0.0,3.0,1.0,2.0,1.0,1.0,1.0,0.0,,,,1.0,2.0,,,,,
222,1.0,,,,,3.0,1.0,1.0,3.0,,0.0,0.0,3.0,1.0,2.0,0.0,5.0,1.0,0.0,1.0,1.0,,,,1.0,2.0,,,,,
223,1.0,,,,,1.0,2.0,0.0,2.0,,1.0,0.0,0.0,0.0,3.0,1.0,7.0,0.0,4.0,0.0,0.0,,,,1.0,2.0,,,,,
224,1.0,,,,,0.0,2.0,1.0,2.0,,1.0,0.0,0.0,2.0,5.0,0.0,4.0,1.0,1.0,1.0,1.0,,,,0.0,0.0,,,,,
225,,,,,,,2.0,,,,2.0,,,,,,,1.0,,,,,,,2.0,,,,,,
226,2.0,,,,,2.0,4.0,3.0,2.0,,,1.0,1.0,1.0,3.0,2.0,1.0,,2.0,0.0,0.0,,,,0.0,0.0,,,,,
227,1.0,,,,,3.0,2.0,3.0,1.0,,2.0,3.0,4.0,0.0,1.0,2.0,3.0,2.0,2.0,2.0,1.0,,,,2.0,0.0,,,,,
228,0.0,,,,,3.0,0.0,1.0,0.0,,3.0,2.0,2.0,0.0,4.0,3.0,0.0,3.0,0.0,1.0,1.0,,,,1.0,0.0,,,,,
229,2.0,,,,,1.0,0.0,1.0,2.0,,1.0,3.0,1.0,1.0,1.0,3.0,5.0,2.0,1.0,3.0,0.0,,,,1.0,0.0,,,,,
230,0.0,,,,,1.0,0.0,4.0,4.0,,0.0,0.0,0.0,1.0,3.0,5.0,2.0,0.0,1.0,1.0,1.0,,,,0.0,1.0,,,,,
231,0.0,,,,,3.0,0.0,1.0,1.0,,4.0,3.0,3.0,1.0,0.0,0.0,2.0,1.0,3.0,0.0,1.0,,,,1.0,2.0,,,,,
232,1.0,,,,,4.0,2.0,1.0,4.0,,2.0,2.0,0.0,3.0,3.0,4.0,0.0,1.0,0.0,0.0,0.0,,,,0.0,3.0,,,,,
233,0.0,,,,,3.0,0.0,1.0,2.0,,2.0,0.0,1.0,0.0,7.0,4.0,2.0,2.0,2.0,2.0,0.0,,,,0.0,1.0,,,,,
234,2.0,,,,,3.0,4.0,,1.0,,1.0,1.0,0.0,,2.0,0.0,2.0,1.0,0.0,1.0,2.0,,,,3.0,0.0,,,,,
235,2.0,,,,,0.0,2.0,0.0,3.0,,3.0,0.0,1.0,3.0,1.0,0.0,3.0,1.0,2.0,2.0,0.0,,,,3.0,1.0,,,,,
236,1.0,,,,,,,1.0,,,3.0,,1.0,0.0,,0.0,,,,,,,,,,,,,,,
237,,,,,,4.0,2.0,1.0,0.0,,,2.0,,1.0,1.0,,3.0,0.0,0.0,3.0,0.0,,,,2.0,1.0,,,,,
238,1.0,,,,,2.0,3.0,1.0,2.0,,2.0,3.0,4.0,,2.0,2.0,0.0,0.0,1.0,2.0,1.0,,,,1.0,,,,,,
239,,,,,,1.0,2.0,2.0,2.0,,4.0,1.0,1.0,1.0,6.0,1.0,,,1.0,3.0,1.0,,,,,3.0,,,,,
240,,,,,,,,,,,0.0,,,1.0,,,,,,2.0,,,,,,2.0,,,,,
241,0.0,,,,,1.0,1.0,3.0,1.0,,,4.0,1.0,1.0,1.0,0.0,2.0,1.0,0.0,,1.0,,,,2.0,0.0,,,,,
242,1.0,,,,,2.0,,,0.0,,,,,,,,3.0,3.0,,,,,,,1.0,,,,,,
243,0.0,,,,,,3.0,2.0,,,0.0,0.0,2.0,1.0,0.0,2.0,1.0,5.0,2.0,1.0,1.0,,,,0.0,2.0,,,,,
244,1.0,,,,,2.0,1.0,4.0,0.0,,2.0,1.0,0.0,2.0,4.0,1.0,4.0,2.0,2.0,3.0,0.0,,,,0.0,0.0,,,,,
245,0.0,,,,,3.0,2.0,0.0,1.0,,3.0,2.0,3.0,3.0,3.0,1.0,1.0,3.0,0.0,0.0,1.0,,,,0.0,0.0,,,,,
246,1.0,,,,,2.0,1.0,1.0,0.0,,1.0,1.0,2.0,0.0,2.0,1.0,5.0,1.0,3.0,0.0,0.0,,,,0.0,1.0,,,,,
247,0.0,,,,,1.0,2.0,1.0,1.0,,4.0,0.0,1.0,0.0,3.0,1.0,1.0,1.0,3.0,2.0,1.0,,,,1.0,0.0,,,,,
248,0.0,,,,,3.0,6.0,3.0,0.0,,1.0,2.0,3.0,2.0,4.0,1.0,2.0,0.0,0.0,1.0,0.0,,,,3.0,1.0,,,,,
249,3.0,,,,,2.0,3.0,2.0,0.0,,2.0,1.0,0.0,2.0,1.0,0.0,1.0,0.0,1.0,1.0,2.0,,,,2.0,1.0,,,,,
250,0.0,,,,,4.0,6.0,0.0,3.0,,1.0,3.0,2.0,5.0,3.0,1.0,2.0,0.0,2.0,0.0,1.0,,,,0.0,0.0,,,,,
251,1.0,,,,,0.0,0.0,2.0,1.0,,0.0,1.0,1.0,1.0,1.0,5.0,3.0,2.0,0.0,1.0,1.0,,,,2.0,0.0,,,,,
252,0.0,,,,,1.0,2.0,1.0,1.0,,2.0,1.0,1.0,0.0,0.0,2.0,1.0,0.0,2.0,3.0,1.0,,,,1.0,1.0,,,,,
253,1.0,,,,,3.0,1.0,1.0,0.0,,2.0,5.0,1.0,0.0,0.0,3.0,1.0,2.0,1.0,2.0,1.0,,,,2.0,0.0,,,,,
254,0.0,,,,,2.0,1.0,3.0,1.0,,1.0,2.0,2.0,1.0,4.0,1.0,3.0,4.0,2.0,2.0,1.0,,,,1.0,1.0,,,,,
255,5.0,,,,,1.0,1.0,0.0,0.0,,1.0,2.0,2.0,2.0,1.0,1.0,0.0,1.0,2.0,1.0,0.0,,,,0.0,2.0,,,,,
256,3.0,,,,,1.0,2.0,1.0,2.0,,3.0,3.0,0.0,4.0,1.0,1.0,0.0,0.0,2.0,2.0,1.0,,,,2.0,4.0,,,,,
257,2.0,,,,,6.0,4.0,1.0,2.0,,2.0,2.0,1.0,4.0,2.0,1.0,4.0,1.0,2.0,1.0,0.0,,,,0.0,1.0,,,,,
258,1.0,,,,,3.0,5.0,1.0,0.0,,3.0,1.0,0.0,2.0,0.0,2.0,8.0,1.0,1.0,3.0,,0.0,,,2.0,3.0,,,,,
259,2.0,,,,,0.0,2.0,2.0,1.0,,5.0,1.0,1.0,0.0,0.0,1.0,3.0,1.0,1.0,1.0,,1.0,,,0.0,0.0,,,,,
260,1.0,,,,,3.0,3.0,5.0,0.0,,1.0,2.0,2.0,1.0,4.0,0.0,2.0,0.0,2.0,2.0,,3.0,,,0.0,1.0,,,,,
261,0.0,,,,,2.0,0.0,0.0,1.0,,3.0,2.0,2.0,2.0,1.0,0.0,2.0,0.0,1.0,1.0,,3.0,,,0.0,3.0,,,,,
262,0.0,,,,,2.0,2.0,1.0,1.0,,0.0,0.0,2.0,0.0,1.0,4.0,2.0,0.0,0.0,1.0,,0.0,,,0.0,0.0,,,,,
263,1.0,,,,,0.0,3.0,2.0,3.0,,0.0,1.0,4.0,0.0,3.0,3.0,2.0,2.0,2.0,4.0,,3.0,,,2.0,0.0,,,,,
264,0.0,,,,,4.0,3.0,1.0,2.0,,0.0,1.0,2.0,0.0,2.0,1.0,2.0,2.0,0.0,2.0,,0.0,,,1.0,1.0,,,,,
265,1.0,,,,,3.0,4.0,2.0,0.0,,4.0,2.0,4.0,2.0,0.0,0.0,1.0,1.0,1.0,2.0,,1.0,,,0.0,0.0,,,,,
266,0.0,,,,,7.0,2.0,1.0,1.0,,,0.0,1.0,0.0,2.0,,4.0,0.0,2.0,2.0,,1.0,,,0.0,1.0,,,,,
267,1.0,,,,,3.0,2.0,1.0,0.0,,0.0,1.0,4.0,0.0,2.0,2.0,5.0,0.0,0.0,0.0,,2.0,,,2.0,0.0,,,,,
268,0.0,,,,,3.0,3.0,0.0,0.0,,2.0,1.0,0.0,2.0,2.0,1.0,2.0,1.0,0.0,2.0,,2.0,,,2.0,0.0,,,,,
269,2.0,,,,,1.0,0.0,2.0,1.0,,1.0,1.0,7.0,3.0,5.0,4.0,5.0,1.0,1.0,1.0,,1.0,,,1.0,0.0,,,,,
270,2.0,,,,,4.0,1.0,2.0,0.0,,2.0,0.0,1.0,1.0,3.0,3.0,2.0,1.0,0.0,4.0,,0.0,,,0.0,2.0,,,,,
271,3.0,,,,,5.0,0.0,0.0,1.0,,1.0,3.0,2.0,3.0,1.0,0.0,3.0,4.0,2.0,2.0,,6.0,,,5.0,1.0,,,,,
272,1.0,,,,,,,,2.0,,3.0,1.0,0.0,,,1.0,,2.0,0.0,,,,,,0.0,1.0,,,,,
273,,,,,,1.0,6.0,3.0,,,3.0,,,0.0,4.0,0.0,5.0,,,0.0,,0.0,,,,,,,,,
274,3.0,,,,,2.0,2.0,0.0,1.0,,1.0,0.0,3.0,1.0,3.0,3.0,2.0,2.0,2.0,0.0,,1.0,,,1.0,2.0,,,,,
275,0.0,,,,,3.0,3.0,2.0,0.0,,1.0,2.0,5.0,1.0,1.0,4.0,2.0,1.0,3.0,0.0,,1.0,,,2.0,0.0,,,,,
276,2.0,,,,,4.0,2.0,1.0,1.0,,2.0,2.0,0.0,0.0,3.0,4.0,0.0,0.0,2.0,1.0,,0.0,,,2.0,0.0,,,,,
277,1.0,,,,,1.0,2.0,0.0,1.0,,2.0,0.0,3.0,2.0,1.0,1.0,0.0,0.0,2.0,0.0,,1.0,,,1.0,0.0,,,,,
278,3.0,,,,,2.0,2.0,0.0,0.0,,0.0,2.0,0.0,0.0,3.0,2.0,2.0,2.0,2.0,2.0,,1.0,,,1.0,2.0,,,,,
279,2.0,,,,,3.0,2.0,0.0,1.0,,1.0,2.0,2.0,1.0,1.0,3.0,3.0,0.0,4.0,2.0,,1.0,,,1.0,0.0,,,,,
280,0.0,,,,,0.0,3.0,1.0,1.0,,5.0,2.0,3.0,0.0,3.0,0.0,3.0,2.0,1.0,2.0,,0.0,,,1.0,1.0,,,,,
281,2.0,,,,,2.0,4.0,1.0,1.0,,1.0,2.0,2.0,2.0,1.0,1.0,3.0,1.0,2.0,1.0,,1.0,,,1.0,2.0,,,,,
282,1.0,,,,,1.0,2.0,1.0,2.0,,0.0,1.0,3.0,0.0,0.0,0.0,2.0,0.0,0.0,2.0,,0.0,,,1.0,0.0,,,,,
283,1.0,,,,,2.0,2.0,0.0,0.0,,1.0,0.0,2.0,2.0,2.0,0.0,1.0,1.0,3.0,1.0,,2.0,,,1.0,0.0,,,,,
284,0.0,,,,,1.0,1.0,3.0,3.0,,0.0,1.0,0.0,0.0,3.0,1.0,1.0,0.0,2.0,0.0,,0.0,,,3.0,0.0,,,,,
285,0.0,,,,,2.0,0.0,0.0,0.0,,1.0,1.0,3.0,0.0,1.0,2.0,4.0,0.0,1.0,3.0,,3.0,,,1.0,3.0,,,,,
286,0.0,,,,,0.0,4.0,0.0,0.0,,1.0,0.0,1.0,3.0,0.0,2.0,0.0,4.0,1.0,0.0,,0.0,,,2.0,1.0,,,,,
287,4.0,,,,,1.0,5.0,2.0,3.0,,4.0,2.0,1.0,0.0,0.0,0.0,0.0,0.0,2.0,1.0,,1.0,,,2.0,0.0,,,,,
288,2.0,,,,,1.0,3.0,0.0,0.0,,2.0,0.0,3.0,1.0,1.0,0.0,2.0,0.0,1.0,1.0,,3.0,,,1.0,0.0,,,,,
289,0.0,,,,,1.0,2.0,3.0,2.0,,1.0,2.0,1.0,0.0,0.0,3.0,4.0,2.0,1.0,4.0,,0.0,,,1.0,1.0,,,,,
290,1.0,,,,,2.0,2.0,1.0,3.0,,3.0,2.0,0.0,1.0,1.0,0.0,1.0,1.0,0.0,4.0,,0.0,,,0.0,4.0,,,,,
291,2.0,,,,,1.0,5.0,1.0,1.0,,1.0,2.0,1.0,1.0,1.0,1.0,3.0,1.0,0.0,3.0,,2.0,,,1.0,3.0,,,,,
292,1.0,,,,,5.0,2.0,2.0,0.0,,5.0,7.0,2.0,0.0,1.0,1.0,2.0,3.0,1.0,0.0,,3.0,,,2.0,0.0,,,,,
293,1.0,,,,1.0,2.0,8.0,0.0,,,0.0,1.0,2.0,0.0,3.0,2.0,4.0,1.0,0.0,3.0,,0.0,,,,0.0,0.0,,,,
294,2.0,,,,2.0,5.0,4.0,2.0,,,1.0,2.0,2.0,2.0,5.0,1.0,0.0,0.0,0.0,0.0,,1.0,,,,1.0,3.0,,,,
295,3.0,,,,2.0,0.0,2.0,2.0,,,3.0,5.0,0.0,0.0,2.0,1.0,3.0,0.0,4.0,2.0,,0.0,,,,1.0,3.0,,,,
296,2.0,,,,3.0,1.0,1.0,2.0,,,5.0,1.0,3.0,1.0,3.0,0.0,2.0,0.0,1.0,0.0,,2.0,,,,0.0,2.0,,,,
297,1.0,,,,2.0,4.0,3.0,3.0,,,2.0,0.0,3.0,1.0,0.0,0.0,2.0,0.0,3.0,3.0,,1.0,,,,1.0,1.0,,,,
298,0.0,,,,0.0,1.0,6.0,2.0,,,0.0,3.0,0.0,0.0,2.0,4.0,1.0,1.0,1.0,1.0,,3.0,,,,2.0,1.0,,,,
299,2.0,,,,0.0,3.0,2.0,2.0,,,9.0,1.0,0.0,0.0,1.0,0.0,2.0,0.0,1.0,2.0,,2.0,,,,0.0,1.0,,,,
300,0.0,,,,4.0,3.0,0.0,1.0,,,1.0,1.0,0.0,0.0,1.0,2.0,0.0,0.0,0.0,1.0,,0.0,,,,2.0,1.0,,,,
301,1.0,,,,0.0,4.0,1.0,0.0,,,4.0,1.0,2.0,0.0,0.0,1.0,3.0,5.0,2.0,1.0,,1.0,,,,1.0,0.0,,,,
302,3.0,,,,0.0,1.0,4.0,0.0,,,2.0,2.0,3.0,1.0,2.0,0.0,4.0,0.0,1.0,0.0,,4.0,,,,0.0,2.0,,,,
303,0.0,,,,1.0,1.0,2.0,4.0,,,1.0,5.0,1.0,1.0,2.0,0.0,1.0,3.0,1.0,1.0,,1.0,,,,0.0,2.0,,,,
304,1.0,,,,3.0,4.0,4.0,3.0,,,2.0,0.0,1.0,0.0,2.0,1.0,2.0,2.0,0.0,3.0,,1.0,,,,0.0,0.0,,,,
305,1.0,,,,0.0,1.0,1.0,7.0,,,1.0,3.0,2.0,6.0,6.0,2.0,1.0,0.0,3.0,1.0,,0.0,,,,0.0,0.0,,,,
306,1.0,,,,0.0,2.0,3.0,1.0,,,4.0,4.0,2.0,2.0,0.0,2.0,2.0,0.0,3.0,2.0,,0.0,,,,2.0,0.0,,,,
307,3.0,,,,1.0,,,3.0,,,5.0,2.0,1.0,0.0,,3.0,,1.0,1.0,1.0,,0.0,,,,1.0,1.0,,,,
308,,,,,2.0,4.0,1.0,1.0,,,1.0,1.0,2.0,1.0,2.0,0.0,1.0,0.0,,2.0,,2.0,,,,1.0,2.0,,,,
309,0.0,,,,,1.0,,,,,,,,,2.0,,,,,2.0,,,,,,,,,,,
310,,,,,2.0,1.0,2.0,0.0,,,,1.0,3.0,4.0,,0.0,1.0,,2.0,1.0,,0.0,,,,2.0,1.0,,,,
311,1.0,,,,,3.0,,,,,5.0,,1.0,3.0,3.0,,0.0,1.0,,5.0,,,,,,,1.0,,,,
312,2.0,,,,0.0,2.0,2.0,0.0,,,3.0,0.0,1.0,,1.0,2.0,,2.0,2.0,1.0,,1.0,,,,5.0,0.0,,,,
313,,,,,,2.0,0.0,,,,,,0.0,,2.0,,2.0,,1.0,,,,,,,,,,,,
314,2.0,,,,1.0,2.0,3.0,2.0,,,7.0,1.0,,0.0,0.0,0.0,0.0,2.0,,1.0,,1.0,,,,0.0,0.0,,,,
315,0.0,,,,1.0,,,,,,,,2.0,,3.0,,,,1.0,,,,,,,1.0,,,,,
316,0.0,,,,,1.0,1.0,0.0,,,1.0,2.0,,1.0,,2.0,2.0,5.0,1.0,1.0,,1.0,,,,,1.0,,,,
317,2.0,,,,0.0,1.0,6.0,1.0,,,2.0,3.0,1.0,0.0,1.0,0.0,1.0,0.0,1.0,2.0,,1.0,,,,2.0,4.0,,,,
318,2.0,,,,1.0,4.0,3.0,1.0,,,2.0,1.0,0.0,0.0,3.0,1.0,0.0,3.0,2.0,5.0,,0.0,,,,3.0,2.0,,,,
319,0.0,,,,1.0,1.0,4.0,3.0,,,0.0,1.0,1.0,2.0,1.0,1.0,1.0,3.0,3.0,1.0,,0.0,,,,2.0,3.0,,,,
320,4.0,,,,1.0,,,1.0,,,3.0,1.0,2.0,1.0,1.0,2.0,0.0,3.0,0.0,2.0,,1.0,,,,2.0,0.0,,,,
321,2.0,,,,0.0,1.0,4.0,2.0,,,1.0,1.0,4.0,1.0,4.0,3.0,2.0,4.0,2.0,0.0,,0.0,,,,0.0,1.0,,,,
322,,,,,0.0,0.0,0.0,2.0,,,4.0,3.0,,,,3.0,0.0,,3.0,,,0.0,,,,,,,,,
323,3.0,,,,,3.0,1.0,,,,,,2.0,2.0,2.0,,,2.0,,0.0,,,,,,1.0,1.0,,,,
324,2.0,,,,1.0,0.0,4.0,0.0,,,2.0,0.0,1.0,2.0,1.0,1.0,2.0,0.0,3.0,1.0,,2.0,,,,0.0,1.0,,,,
325,0.0,,,,1.0,2.0,4.0,1.0,,,3.0,0.0,1.0,2.0,3.0,3.0,3.0,2.0,2.0,1.0,,0.0,,,,0.0,2.0,,,,
326,4.0,,,,1.0,1.0,2.0,1.0,,,2.0,4.0,1.0,3.0,1.0,0.0,1.0,1.0,1.0,1.0,,1.0,,,,0.0,1.0,,,,
327,0.0,,,,0.0,1.0,5.0,1.0,,,5.0,0.0,2.0,0.0,3.0,0.0,1.0,3.0,1.0,0.0,,0.0,,,,1.0,3.0,,,,
328,2.0,,,,0.0,5.0,1.0,1.0,,,3.0,1.0,1.0,2.0,1.0,0.0,1.0,2.0,2.0,4.0,,,,2.0,5.0,3.0,,,,,
329,0.0,,,,1.0,1.0,1.0,0.0,,,2.0,0.0,1.0,3.0,5.0,0.0,0.0,1.0,1.0,2.0,,,,0.0,3.0,2.0,,,,,
330,1.0,,,,2.0,0.0,2.0,1.0,,,2.0,0.0,2.0,0.0,2.0,1.0,1.0,1.0,3.0,1.0,,,,1.0,0.0,1.0,,,,,
331,2.0,,,,0.0,1.0,3.0,0.0,,,2.0,2.0,3.0,2.0,1.0,0.0,5.0,1.0,4.0,3.0,,,,0.0,0.0,1.0,,,,,
332,0.0,,,,0.0,3.0,2.0,3.0,,,5.0,0.0,0.0,2.0,0.0,2.0,6.0,2.0,4.0,3.0,,,,2.0,0.0,2.0,,,,,
333,1.0,,,,0.0,1.0,1.0,0.0,,,2.0,2.0,2.0,1.0,0.0,1.0,2.0,3.0,2.0,0.0,,,,0.0,2.0,0.0,,,,,
334,0.0,,,,1.0,2.0,2.0,0.0,,,2.0,3.0,2.0,1.0,2.0,0.0,3.0,0.0,0.0,3.0,,,,0.0,1.0,3.0,,,,,
335,2.0,,,,0.0,2.0,3.0,2.0,,,0.0,0.0,1.0,2.0,1.0,2.0,2.0,2.0,0.0,2.0,,,,2.0,0.0,1.0,,,,,
336,0.0,,,,1.0,2.0,2.0,2.0,,,3.0,0.0,0.0,0.0,4.0,3.0,3.0,2.0,1.0,0.0,,,,3.0,1.0,0.0,,,,,
337,2.0,,,,0.0,0.0,5.0,2.0,,,1.0,1.0,0.0,2.0,5.0,0.0,3.0,1.0,2.0,5.0,,,,0.0,0.0,0.0,,,,,
338,4.0,,,,0.0,1.0,4.0,2.0,,,3.0,3.0,1.0,1.0,1.0,1.0,1.0,0.0,3.0,3.0,,,,0.0,0.0,0.0,,,,,
339,3.0,,,,3.0,4.0,0.0,4.0,,,0.0,1.0,6.0,3.0,3.0,0.0,2.0,1.0,1.0,0.0,,,,3.0,1.0,0.0,,,,,
340,4.0,,,,1.0,2.0,1.0,1.0,,,2.0,1.0,2.0,0.0,1.0,1.0,2.0,6.0,0.0,0.0,,,,1.0,1.0,1.0,,,,,
341,2.0,,,,3.0,4.0,2.0,2.0,,,3.0,3.0,6.0,1.0,1.0,0.0,2.0,1.0,0.0,2.0,,,,1.0,4.0,0.0,,,,,
342,1.0,,,,0.0,1.0,3.0,0.0,,,2.0,1.0,4.0,1.0,0.0,1.0,1.0,2.0,0.0,1.0,,,,0.0,1.0,2.0,,,,,
343,4.0,,,,0.0,1.0,6.0,0.0,,,1.0,2.0,2.0,0.0,0.0,0.0,2.0,0.0,2.0,5.0,,,,3.0,0.0,1.0,,,,,
344,2.0,,,,0.0,0.0,3.0,3.0,,,3.0,1.0,0.0,3.0,3.0,3.0,1.0,0.0,1.0,2.0,,,,1.0,0.0,0.0,,,,,
345,1.0,,,,1.0,1.0,4.0,1.0,,,3.0,1.0,2.0,0.0,1.0,1.0,2.0,2.0,1.0,1.0,,,,0.0,2.0,2.0,,,,,
346,3.0,,,,0.0,2.0,0.0,3.0,,,2.0,0.0,2.0,1.0,1.0,0.0,2.0,0.0,2.0,1.0,,,,0.0,1.0,1.0,,,,,
347,0.0,,,,0.0,3.0,0.0,0.0,,,1.0,3.0,0.0,0.0,0.0,2.0,2.0,1.0,1.0,1.0,,,,1.0,0.0,1.0,,,,,
348,0.0,,,,0.0,6.0,2.0,3.0,,,0.0,0.0,4.0,1.0,1.0,1.0,1.0,0.0,1.0,2.0,,,,2.0,0.0,2.0,,,,,
349,1.0,,,,2.0,5.0,1.0,3.0,,,3.0,0.0,2.0,1.0,0.0,4.0,3.0,1.0,1.0,0.0,,,,3.0,1.0,1.0,,,,,
350,0.0,,,,0.0,2.0,2.0,2.0,,,1.0,0.0,2.0,0.0,0.0,0.0,2.0,1.0,1.0,2.0,,,,1.0,1.0,0.0,,,,,
351,1.0,,,,0.0,1.0,2.0,0.0,,,3.0,0.0,2.0,1.0,2.0,3.0,2.0,2.0,1.0,0.0,,,,1.0,1.0,0.0,,,,,
352,1.0,,,,1.0,2.0,2.0,0.0,,,3.0,3.0,1.0,0.0,2.0,2.0,3.0,1.0,3.0,0.0,,,,1.0,0.0,3.0,,,,,
353,0.0,,,,1.0,1.0,1.0,0.0,,,2.0,0.0,1.0,1.0,2.0,0.0,1.0,0.0,1.0,1.0,,,,1.0,1.0,0.0,,,,,
354,1.0,,,,0.0,0.0,3.0,0.0,,,5.0,0.0,2.0,0.0,1.0,0.0,1.0,0.0,3.0,2.0,,,,1.0,3.0,1.0,,,,,
355,1.0,,,,2.0,2.0,3.0,0.0,,,0.0,2.0,2.0,0.0,0.0,0.0,0.0,0.0,0.0,1.0,,,,0.0,0.0,0.0,,,,,
356,0.0,,,,0.0,2.0,2.0,0.0,,,1.0,1.0,1.0,2.0,1.0,0.0,4.0,1.0,0.0,1.0,,,,2.0,1.0,1.0,,,,,
357,2.0,,,,2.0,2.0,7.0,0.0,,,1.0,2.0,4.0,0.0,5.0,3.0,1.0,2.0,0.0,2.0,,,,0.0,1.0,1.0,,,,,
358,0.0,,,,0.0,6.0,2.0,2.0,,,1.0,1.0,0.0,3.0,1.0,2.0,1.0,1.0,0.0,1.0,,,,3.0,3.0,4.0,,,,,
359,0.0,,,,0.0,2.0,1.0,1.0,,,1.0,1.0,1.0,0.0,3.0,6.0,1.0,2.0,3.0,0.0,,,,1.0,2.0,0.0,,,,,
360,4.0,,,,1.0,1.0,0.0,2.0,,,2.0,0.0,3.0,1.0,2.0,1.0,0.0,1.0,0.0,1.0,,,,0.0,2.0,0.0,,,,,
361,1.0,,,,2.0,3.0,1.0,1.0,,,1.0,3.0,0.0,0.0,2.0,1.0,3.0,1.0,0.0,1.0,,,,2.0,3.0,1.0,,,,,
362,0.0,,,,,3.0,2.0,1.0,0.0,,0.0,0.0,2.0,3.0,2.0,1.0,2.0,0.0,2.0,0.0,,,,,1.0,3.0,3.0,,,,
363,0.0,,,,,1.0,4.0,1.0,1.0,,1.0,1.0,1.0,0.0,0.0,0.0,2.0,4.0,0.0,1.0,,,,,2.0,0.0,2.0,,,,
364,2.0,,,,,4.0,3.0,2.0,0.0,,1.0,1.0,1.0,1.0,1.0,0.0,6.0,0.0,2.0,1.0,,,,,0.0,0.0,2.0,,,,
365,0.0,,,,,3.0,0.0,,1.0,,0.0,0.0,2.0,0.0,4.0,1.0,2.0,,1.0,2.0,,,,,3.0,1.0,2.0,,,,
366,0.0,,,,,2.0,3.0,2.0,0.0,,0.0,3.0,1.0,1.0,1.0,4.0,2.0,1.0,2.0,0.0,,,,,2.0,0.0,1.0,,,,
367,1.0,,,,,3.0,6.0,2.0,0.0,,0.0,0.0,3.0,2.0,3.0,2.0,1.0,2.0,0.0,1.0,,,,,2.0,0.0,1.0,,,,
368,1.0,,,,,3.0,4.0,1.0,1.0,,0.0,2.0,2.0,2.0,1.0,3.0,0.0,1.0,0.0,1.0,,,,,0.0,1.0,0.0,,,,
369,0.0,,,,,3.0,3.0,1.0,4.0,,2.0,1.0,2.0,1.0,2.0,0.0,0.0,0.0,0.0,1.0,,,,,0.0,2.0,1.0,,,,
370,0.0,,,,,,,1.0,0.0,,,,,,3.0,2.0,1.0,1.0,0.0,1.0,,,,,1.0,,,,,,
371,,,,,,0.0,2.0,0.0,,,1.0,2.0,3.0,1.0,,,,1.0,,,,,,,,1.0,1.0,,,,
372,2.0,,,,,1.0,4.0,0.0,0.0,,0.0,1.0,3.0,0.0,1.0,0.0,2.0,1.0,4.0,0.0,,,,,1.0,1.0,1.0,,,,
373,3.0,,,,,4.0,4.0,2.0,0.0,,1.0,1.0,4.0,4.0,1.0,0.0,2.0,0.0,1.0,0.0,,,,,2.0,2.0,0.0,,,,
374,2.0,,,,,1.0,5.0,1.0,0.0,,3.0,1.0,2.0,1.0,1.0,0.0,1.0,0.0,1.0,0.0,,,,,0.0,3.0,1.0,,,,
375,1.0,,,,,5.0,0.0,2.0,1.0,,3.0,2.0,1.0,0.0,1.0,2.0,1.0,0.0,4.0,4.0,,,,,1.0,1.0,0.0,,,,
376,0.0,,,,,4.0,5.0,0.0,3.0,,1.0,2.0,1.0,1.0,0.0,0.0,4.0,3.0,3.0,1.0,,,,,1.0,0.0,5.0,,,,
377,2.0,,,,,3.0,5.0,3.0,1.0,,3.0,2.0,3.0,1.0,2.0,1.0,2.0,2.0,1.0,2.0,,,,,0.0,3.0,0.0,,,,
378,2.0,,,,,2.0,0.0,2.0,0.0,,1.0,1.0,4.0,1.0,3.0,2.0,1.0,3.0,2.0,1.0,,,,,1.0,3.0,2.0,,,,
379,2.0,,,,,1.0,3.0,2.0,0.0,,0.0,3.0,3.0,1.0,2.0,2.0,0.0,0.0,1.0,4.0,,,,,1.0,4.0,3.0,,,,
380,1.0,,,,,1.0,1.0,0.0,4.0,,0.0,0.0,0.0,0.0,1.0,1.0,3.0,2.0,1.0,2.0,,,,,0.0,1.0,0.0,,,,
381,0.0,,,,,3.0,1.0,0.0,0.0,,4.0,2.0,0.0,2.0,1.0,2.0,0.0,0.0,1.0,0.0,,,,,0.0,1.0,1.0,,,,
382,0.0,,,,,0.0,1.0,0.0,1.0,,1.0,0.0,2.0,2.0,1.0,0.0,0.0,1.0,2.0,1.0,,,,,2.0,0.0,0.0,,,,
383,1.0,,,,,2.0,4.0,1.0,0.0,,1.0,0.0,2.0,,1.0,1.0,1.0,,1.0,2.0,,,,,0.0,0.0,3.0,,,,
384,1.0,,,,,2.0,3.0,0.0,0.0,,2.0,2.0,0.0,1.0,1.0,0.0,2.0,1.0,2.0,3.0,,,,,0.0,4.0,2.0,,,,
385,2.0,,,,,1.0,2.0,0.0,1.0,,0.0,0.0,2.0,0.0,0.0,1.0,2.0,4.0,2.0,2.0,,,,,3.0,0.0,0.0,,,,
386,,,,,,,,2.0,,,,2.0,,1.0,,,,2.0,0.0,,,,,,,1.0,,,,,
387,1.0,,,,,1.0,4.0,,1.0,,2.0,,1.0,0.0,2.0,0.0,3.0,0.0,,2.0,,,,,2.0,,3.0,,,,
388,2.0,,,,,5.0,4.0,0.0,1.0,,1.0,2.0,2.0,2.0,3.0,0.0,3.0,1.0,2.0,2.0,,,,,1.0,2.0,1.0,,,,
389,0.0,,,,,1.0,3.0,1.0,0.0,,1.0,2.0,1.0,2.0,4.0,1.0,4.0,0.0,2.0,1.0,,,,,1.0,3.0,0.0,,,,
390,1.0,,,,,1.0,4.0,1.0,2.0,,1.0,2.0,3.0,3.0,1.0,0.0,6.0,0.0,0.0,3.0,,,,,1.0,1.0,0.0,,,,
391,0.0,,,,,1.0,5.0,3.0,1.0,,4.0,0.0,1.0,0.0,,,1.0,1.0,0.0,1.0,,,,,0.0,3.0,0.0,,,,
392,0.0,,,,,4.0,3.0,2.0,0.0,,2.0,4.0,3.0,1.0,0.0,2.0,3.0,0.0,3.0,0.0,,,,,0.0,2.0,2.0,,,,
393,,,,,,,,,,,,,,,2.0,1.0,,,,,,,,,,,,,,,
394,1.0,,,,,1.0,1.0,0.0,1.0,,4.0,5.0,2.0,0.0,0.0,3.0,2.0,0.0,0.0,0.0,,,,,0.0,2.0,0.0,,,,
395,1.0,,,,,0.0,7.0,0.0,4.0,,0.0,0.0,2.0,0.0,0.0,1.0,0.0,0.0,1.0,4.0,,,,,2.0,1.0,0.0,,,,
396,0.0,,,,,2.0,2.0,1.0,1.0,,2.0,4.0,0.0,0.0,3.0,1.0,1.0,3.0,1.0,1.0,,,,,2.0,4.0,2.0,,,,
397,0.0,,,,,3.0,4.0,3.0,0.0,,0.0,5.0,2.0,0.0,0.0,2.0,3.0,0.0,0.0,1.0,,,,,4.0,0.0,2.0,,,,
398,1.0,,,,,1.0,4.0,2.0,1.0,,2.0,3.0,2.0,2.0,6.0,2.0,1.0,1.0,0.0,3.0,,,,,2.0,4.0,2.0,,,,
399,,,,,3.0,3.0,2.0,1.0,,,1.0,0.0,0.0,0.0,3.0,3.0,1.0,1.0,1.0,2.0,,0.0,,,1.0,3.0,0.0,,,,
400,,,,,0.0,6.0,4.0,3.0,,,0.0,3.0,0.0,3.0,2.0,2.0,1.0,5.0,1.0,1.0,,3.0,,,1.0,0.0,1.0,,,,
401,,,,,1.0,3.0,3.0,3.0,,,3.0,0.0,3.0,0.0,1.0,0.0,1.0,2.0,1.0,2.0,,4.0,,,3.0,1.0,2.0,,,,
402,,,,,0.0,2.0,5.0,0.0,,,2.0,4.0,4.0,0.0,4.0,0.0,1.0,2.0,2.0,3.0,,1.0,,,2.0,2.0,0.0,,,,
403,,,,,2.0,3.0,2.0,0.0,,,2.0,2.0,2.0,0.0,0.0,1.0,1.0,1.0,2.0,1.0,,2.0,,,2.0,1.0,1.0,,,,
404,,,,,3.0,0.0,2.0,3.0,,,2.0,0.0,0.0,2.0,1.0,0.0,1.0,0.0,0.0,2.0,,0.0,,,4.0,0.0,2.0,,,,
405,,,,,0.0,1.0,2.0,0.0,,,2.0,2.0,2.0,1.0,0.0,2.0,1.0,3.0,2.0,1.0,,0.0,,,3.0,2.0,1.0,,,,
406,,,,,1.0,3.0,1.0,2.0,,,0.0,2.0,4.0,0.0,1.0,0.0,2.0,0.0,2.0,2.0,,1.0,,,0.0,1.0,0.0,,,,
407,,,,,2.0,4.0,3.0,2.0,,,0.0,4.0,1.0,2.0,0.0,1.0,1.0,2.0,0.0,1.0,,1.0,,,2.0,3.0,0.0,,,,
408,,,,,1.0,10.0,2.0,4.0,,,2.0,2.0,3.0,0.0,0.0,1.0,3.0,3.0,1.0,2.0,,2.0,,,2.0,1.0,0.0,,,,
409,,,,,2.0,2.0,3.0,2.0,,,1.0,1.0,3.0,1.0,3.0,0.0,1.0,1.0,1.0,3.0,,0.0,,,1.0,4.0,0.0,,,,
410,,,,,0.0,0.0,4.0,0.0,,,2.0,2.0,1.0,2.0,1.0,0.0,2.0,0.0,2.0,5.0,,0.0,,,1.0,1.0,3.0,,,,
411,,,,,1.0,2.0,0.0,1.0,,,3.0,1.0,2.0,1.0,1.0,1.0,1.0,4.0,1.0,2.0,,1.0,,,1.0,2.0,4.0,,,,
412,,,,,,4.0,0.0,,,,2.0,,1.0,,2.0,5.0,2.0,1.0,2.0,0.0,,2.0,,,1.0,3.0,1.0,,,,
413,,,,,3.0,0.0,0.0,4.0,,,5.0,1.0,1.0,0.0,0.0,2.0,2.0,0.0,0.0,2.0,,1.0,,,3.0,0.0,0.0,,,,
414,,,,,1.0,2.0,,1.0,,,2.0,1.0,4.0,0.0,,,2.0,2.0,4.0,,,,,,,,,,,,
415,,,,,1.0,,2.0,1.0,,,,1.0,,1.0,2.0,1.0,,,,0.0,,1.0,,,1.0,2.0,0.0,,,,
416,,,,,0.0,5.0,1.0,2.0,,,1.0,,2.0,1.0,1.0,1.0,2.0,1.0,,4.0,,,,,0.0,2.0,,,,,
417,,,,,0.0,0.0,1.0,1.0,,,6.0,1.0,2.0,1.0,1.0,0.0,0.0,3.0,3.0,2.0,,0.0,,,1.0,2.0,2.0,,,,
418,,,,,,,,,,,,4.0,,1.0,,,,,3.0,,,1.0,,,2.0,,0.0,,,,
419,,,,,0.0,3.0,2.0,2.0,,,4.0,1.0,5.0,,0.0,1.0,2.0,2.0,1.0,2.0,,2.0,,,,0.0,1.0,,,,
420,,,,,1.0,3.0,0.0,3.0,,,1.0,3.0,2.0,1.0,0.0,0.0,0.0,2.0,2.0,1.0,,0.0,,,3.0,0.0,0.0,,,,
421,,,,,0.0,2.0,3.0,0.0,,,1.0,2.0,2.0,1.0,1.0,5.0,6.0,1.0,0.0,4.0,,1.0,,,5.0,1.0,1.0,,,,
422,,,,,0.0,0.0,2.0,1.0,,,0.0,0.0,1.0,1.0,1.0,1.0,1.0,0.0,0.0,7.0,,2.0,,,1.0,1.0,3.0,,,,
423,,,,,1.0,4.0,2.0,3.0,,,2.0,2.0,1.0,3.0,2.0,0.0,0.0,2.0,0.0,1.0,,0.0,,,3.0,1.0,0.0,,,,
424,,,,,0.0,4.0,1.0,1.0,,,0.0,4.0,1.0,0.0,2.0,2.0,2.0,1.0,1.0,1.0,,4.0,,,2.0,1.0,0.0,,,,
425,,,,,1.0,0.0,0.0,1.0,,,3.0,1.0,1.0,4.0,5.0,1.0,2.0,1.0,3.0,1.0,,0.0,,,2.0,6.0,1.0,,,,
426,,,,,2.0,3.0,4.0,1.0,,,0.0,1.0,2.0,1.0,1.0,2.0,0.0,1.0,0.0,1.0,,2.0,,,5.0,4.0,0.0,,,,
427,,,,,1.0,2.0,3.0,1.0,,,1.0,1.0,2.0,1.0,2.0,1.0,2.0,2.0,1.0,0.0,,1.0,,,0.0,4.0,1.0,,,,
428,,,,,0.0,1.0,2.0,0.0,,,2.0,3.0,2.0,0.0,0.0,1.0,3.0,1.0,0.0,1.0,,0.0,,,3.0,4.0,0.0,,,,
429,,,,,1.0,0.0,3.0,2.0,,,2.0,5.0,2.0,4.0,0.0,2.0,1.0,1.0,3.0,3.0,,3.0,,,3.0,0.0,2.0,,,,
430,,,,,0.0,2.0,2.0,0.0,,,2.0,1.0,1.0,2.0,4.0,0.0,1.0,4.0,1.0,0.0,,0.0,,,1.0,6.0,1.0,,,,
431,,,,,1.0,2.0,2.0,0.0,,,3.0,5.0,1.0,1.0,6.0,2.0,3.0,1.0,1.0,1.0,,2.0,,,1.0,0.0,2.0,,,,
432,,,,,0.0,1.0,4.0,4.0,,,2.0,5.0,2.0,2.0,3.0,2.0,1.0,1.0,1.0,3.0,,1.0,,,1.0,2.0,2.0,,,,
433,,,,,1.0,2.0,2.0,1.0,,,1.0,0.0,4.0,0.0,2.0,1.0,5.0,5.0,1.0,4.0,,3.0,,,2.0,2.0,3.0,,,,
434,,,,,1.0,0.0,3.0,5.0,,,0.0,0.0,1.0,0.0,1.0,1.0,1.0,1.0,1.0,0.0,,4.0,,,0.0,3.0,0.0,,,,
435,,,,,1.0,1.0,4.0,0.0,2.0,,2.0,2.0,1.0,,2.0,0.0,3.0,2.0,0.0,1.0,,0.0,,,0.0,2.0,0.0,,,,
436,,,,,2.0,1.0,5.0,2.0,0.0,,1.0,0.0,2.0,,3.0,4.0,0.0,2.0,1.0,4.0,,0.0,,,2.0,2.0,0.0,,,,
437,,,,,1.0,3.0,2.0,1.0,2.0,,1.0,0.0,5.0,,1.0,2.0,4.0,0.0,2.0,2.0,,1.0,,,0.0,1.0,2.0,,,,
438,,,,,0.0,6.0,4.0,3.0,2.0,,2.0,1.0,4.0,,2.0,1.0,3.0,2.0,1.0,0.0,,1.0,,,3.0,1.0,1.0,,,,
439,,,,,1.0,3.0,3.0,3.0,1.0,,3.0,2.0,1.0,,3.0,0.0,4.0,0.0,1.0,0.0,,2.0,,,0.0,2.0,3.0,,,,
440,,,,,0.0,2.0,2.0,2.0,1.0,,3.0,0.0,5.0,,4.0,5.0,2.0,1.0,2.0,2.0,,0.0,,,2.0,2.0,0.0,,,,
441,,,,,2.0,7.0,1.0,0.0,2.0,,1.0,1.0,1.0,,1.0,2.0,2.0,0.0,1.0,3.0,,0.0,,,2.0,1.0,0.0,,,,
442,,,,,0.0,2.0,0.0,3.0,0.0,,1.0,4.0,2.0,,0.0,1.0,3.0,0.0,3.0,1.0,,2.0,,,3.0,2.0,1.0,,,,
443,,,,,1.0,1.0,2.0,0.0,0.0,,1.0,4.0,4.0,,4.0,1.0,2.0,0.0,2.0,1.0,,0.0,,,1.0,2.0,0.0,,,,
444,,,,,3.0,1.0,1.0,1.0,1.0,,4.0,0.0,1.0,,1.0,1.0,1.0,0.0,1.0,1.0,,0.0,,,1.0,2.0,4.0,,,,
445,,,,,0.0,2.0,4.0,1.0,0.0,,4.0,0.0,2.0,,0.0,1.0,1.0,3.0,3.0,6.0,,1.0,,,0.0,0.0,1.0,,,,
446,,,,,0.0,4.0,4.0,6.0,1.0,,2.0,1.0,4.0,,0.0,0.0,3.0,1.0,1.0,1.0,,0.0,,,0.0,1.0,0.0,,,,
447,,,,,1.0,3.0,2.0,2.0,1.0,,1.0,2.0,1.0,,4.0,0.0,,1.0,2.0,2.0,,,,,2.0,1.0,1.0,,,,
448,,,,,2.0,6.0,3.0,0.0,1.0,,2.0,3.0,0.0,,2.0,0.0,2.0,0.0,2.0,1.0,,1.0,,,1.0,1.0,1.0,,,,
449,,,,,1.0,0.0,4.0,2.0,0.0,,5.0,2.0,6.0,,2.0,4.0,1.0,3.0,0.0,3.0,,1.0,,,3.0,7.0,0.0,,,,
450,,,,,,,,,,,,,,,,,0.0,,,,,0.0,,,2.0,0.0,,,,,
451,,,,,0.0,1.0,1.0,2.0,0.0,,5.0,0.0,2.0,,2.0,0.0,4.0,0.0,0.0,0.0,,0.0,,,,,2.0,,,,
452,,,,,1.0,5.0,4.0,0.0,3.0,,1.0,7.0,2.0,,3.0,1.0,1.0,2.0,2.0,1.0,,0.0,,,0.0,0.0,0.0,,,,
453,,,,,0.0,1.0,1.0,1.0,0.0,,2.0,3.0,5.0,,1.0,0.0,1.0,1.0,0.0,2.0,,3.0,,,3.0,1.0,2.0,,,,
454,,,,,1.0,3.0,2.0,0.0,4.0,,2.0,2.0,4.0,,4.0,1.0,0.0,2.0,1.0,1.0,,0.0,,,0.0,3.0,0.0,,,,
455,,,,,,1.0,0.0,2.0,3.0,,4.0,3.0,,,2.0,1.0,6.0,0.0,0.0,0.0,,3.0,,,0.0,1.0,1.0,,,,
456,,,,,1.0,4.0,2.0,1.0,0.0,,1.0,1.0,2.0,,3.0,1.0,2.0,0.0,0.0,0.0,,0.0,,,1.0,3.0,2.0,,,,
457,,,,,1.0,0.0,4.0,3.0,1.0,,1.0,1.0,4.0,,1.0,1.0,0.0,1.0,0.0,3.0,,1.0,,,1.0,2.0,4.0,,,,
458,,,,,2.0,3.0,4.0,0.0,1.0,,3.0,0.0,1.0,,2.0,0.0,3.0,4.0,4.0,0.0,,1.0,,,0.0,1.0,3.0,,,,
459,,,,,0.0,2.0,4.0,0.0,1.0,,0.0,1.0,6.0,,1.0,2.0,3.0,0.0,1.0,0.0,,0.0,,,0.0,1.0,2.0,,,,
460,,,,,0.0,1.0,3.0,1.0,0.0,,4.0,3.0,1.0,,1.0,3.0,2.0,3.0,3.0,1.0,,2.0,,,2.0,0.0,1.0,,,,
461,,,,,0.0,5.0,2.0,3.0,1.0,,1.0,1.0,0.0,,2.0,2.0,0.0,2.0,0.0,1.0,,2.0,,,0.0,0.0,0.0,,,,
462,,,,,1.0,,,,,,,,2.0,,,,,,,1.0,,0.0,,,,,,,,,
463,,,,,0.0,0.0,2.0,1.0,0.0,,4.0,3.0,1.0,,3.0,1.0,1.0,1.0,1.0,,,,,,1.0,3.0,1.0,,,,
464,,,,,0.0,2.0,6.0,3.0,1.0,,3.0,0.0,2.0,,3.0,2.0,2.0,2.0,1.0,1.0,,2.0,,,0.0,0.0,0.0,,,,
465,,,,,3.0,1.0,5.0,0.0,2.0,,0.0,0.0,2.0,,0.0,3.0,2.0,2.0,1.0,0.0,,0.0,,,3.0,2.0,1.0,,,,
466,,,,,1.0,3.0,3.0,4.0,1.0,,4.0,1.0,2.0,,3.0,1.0,2.0,2.0,2.0,0.0,,0.0,,,0.0,1.0,2.0,,,,
467,,,,,2.0,2.0,2.0,2.0,0.0,,1.0,3.0,1.0,,2.0,1.0,2.0,1.0,0.0,0.0,,0.0,,,1.0,3.0,1.0,,,,
468,,,,,1.0,3.0,2.0,1.0,1.0,,4.0,1.0,1.0,,1.0,3.0,0.0,1.0,3.0,1.0,,2.0,,,1.0,2.0,2.0,,,,
469,,,,,2.0,5.0,2.0,2.0,5.0,,4.0,2.0,3.0,,4.0,2.0,1.0,1.0,1.0,1.0,,2.0,,,0.0,1.0,0.0,,,,
470,,,,,5.0,3.0,3.0,3.0,2.0,,2.0,1.0,2.0,,3.0,1.0,1.0,2.0,3.0,0.0,,1.0,,,3.0,1.0,4.0,,,,
471,,,,,,2.0,2.0,0.0,3.0,,0.0,1.0,4.0,1.0,1.0,2.0,2.0,2.0,1.0,1.0,,,1.0,,2.0,1.0,1.0,,,,
472,,,,,,5.0,6.0,3.0,2.0,,1.0,0.0,1.0,1.0,1.0,1.0,3.0,1.0,0.0,1.0,,,0.0,,2.0,1.0,1.0,,,,
473,,,,,,3.0,5.0,1.0,1.0,,0.0,0.0,3.0,0.0,2.0,2.0,0.0,1.0,0.0,1.0,,,1.0,,4.0,1.0,2.0,,,,
474,,,,,,5.0,2.0,1.0,1.0,,2.0,3.0,1.0,0.0,0.0,1.0,1.0,4.0,1.0,1.0,,,0.0,,0.0,1.0,0.0,,,,
475,,,,,,0.0,2.0,1.0,0.0,,1.0,0.0,6.0,2.0,2.0,3.0,4.0,2.0,1.0,0.0,,,0.0,,3.0,2.0,2.0,,,,
476,,,,,,3.0,1.0,1.0,1.0,,0.0,0.0,1.0,0.0,0.0,1.0,1.0,0.0,2.0,2.0,,,1.0,,1.0,1.0,1.0,,,,
477,,,,,,6.0,1.0,1.0,3.0,,2.0,2.0,0.0,0.0,5.0,2.0,3.0,1.0,0.0,3.0,,,1.0,,3.0,3.0,0.0,,,,
478,,,,,,4.0,1.0,1.0,0.0,,3.0,3.0,3.0,1.0,2.0,3.0,0.0,1.0,0.0,2.0,,,0.0,,1.0,3.0,0.0,,,,
479,,,,,,3.0,3.0,2.0,1.0,,3.0,1.0,1.0,2.0,3.0,3.0,0.0,2.0,0.0,0.0,,,2.0,,1.0,3.0,2.0,,,,
480,,,,,,2.0,2.0,1.0,0.0,,3.0,0.0,1.0,0.0,2.0,1.0,2.0,0.0,4.0,0.0,,,1.0,,2.0,6.0,1.0,,,,
481,,,,,,4.0,0.0,5.0,1.0,,2.0,0.0,3.0,1.0,0.0,2.0,1.0,2.0,2.0,1.0,,,1.0,,0.0,0.0,2.0,,,,
482,,,,,,5.0,4.0,0.0,4.0,,1.0,2.0,0.0,1.0,5.0,0.0,2.0,3.0,0.0,1.0,,,2.0,,2.0,2.0,4.0,,,,
483,,,,,,6.0,2.0,1.0,2.0,,0.0,1.0,1.0,0.0,3.0,4.0,1.0,1.0,0.0,1.0,,,2.0,,1.0,5.0,0.0,,,,
484,,,,,,1.0,2.0,0.0,1.0,,1.0,1.0,2.0,2.0,2.0,2.0,0.0,2.0,0.0,1.0,,,2.0,,3.0,2.0,1.0,,,,
485,,,,,,1.0,3.0,2.0,0.0,,1.0,0.0,2.0,3.0,2.0,3.0,1.0,1.0,1.0,2.0,,,0.0,,0.0,0.0,0.0,,,,
486,,,,,,3.0,2.0,1.0,2.0,,4.0,4.0,0.0,0.0,2.0,1.0,0.0,0.0,2.0,0.0,,,1.0,,1.0,1.0,3.0,,,,
487,,,,,,1.0,4.0,3.0,2.0,,1.0,0.0,3.0,2.0,3.0,2.0,2.0,1.0,0.0,0.0,,,1.0,,2.0,2.0,0.0,,,,
488,,,,,,6.0,0.0,0.0,0.0,,2.0,4.0,3.0,0.0,2.0,1.0,0.0,0.0,1.0,1.0,,,1.0,,2.0,1.0,2.0,,,,
489,,,,,,1.0,3.0,2.0,0.0,,0.0,2.0,0.0,1.0,0.0,1.0,4.0,0.0,1.0,0.0,,,3.0,,1.0,1.0,0.0,,,,
490,,,,,,5.0,2.0,3.0,0.0,,1.0,2.0,0.0,1.0,0.0,3.0,4.0,2.0,4.0,1.0,,,1.0,,2.0,1.0,1.0,,,,
491,,,,,,7.0,3.0,4.0,0.0,,1.0,3.0,2.0,1.0,3.0,1.0,0.0,2.0,3.0,1.0,,,0.0,,0.0,3.0,0.0,,,,
492,,,,,,2.0,1.0,0.0,1.0,,2.0,1.0,1.0,1.0,3.0,2.0,1.0,3.0,1.0,2.0,,,1.0,,2.0,4.0,2.0,,,,
493,,,,,,2.0,2.0,1.0,0.0,,1.0,2.0,1.0,1.0,2.0,2.0,2.0,1.0,1.0,0.0,,,3.0,,2.0,1.0,2.0,,,,
494,,,,,,1.0,1.0,4.0,0.0,,2.0,0.0,1.0,2.0,2.0,5.0,0.0,3.0,1.0,1.0,,,0.0,,1.0,3.0,1.0,,,,
495,,,,,,2.0,2.0,0.0,2.0,,2.0,4.0,0.0,0.0,3.0,2.0,1.0,0.0,1.0,1.0,,,2.0,,3.0,1.0,0.0,,,,
496,,,,,,1.0,3.0,1.0,0.0,,2.0,0.0,0.0,1.0,1.0,1.0,1.0,0.0,1.0,1.0,,,0.0,,1.0,1.0,0.0,,,,
497,,,,,,2.0,3.0,1.0,0.0,,3.0,2.0,3.0,0.0,2.0,4.0,2.0,1.0,4.0,0.0,,,3.0,,0.0,2.0,0.0,,,,
498,,,,,,2.0,4.0,2.0,4.0,,2.0,2.0,1.0,1.0,0.0,2.0,2.0,1.0,1.0,2.0,,,1.0,,0.0,1.0,1.0,,,,
499,,,,,,3.0,4.0,1.0,1.0,,1.0,0.0,2.0,1.0,1.0,3.0,1.0,1.0,0.0,3.0,,,1.0,,0.0,0.0,0.0,,,,
500,,,,,,2.0,3.0,0.0,1.0,,3.0,3.0,3.0,2.0,1.0,3.0,6.0,0.0,2.0,2.0,,,2.0,,1.0,0.0,0.0,,,,
501,,,,,,3.0,1.0,3.0,0.0,,1.0,1.0,2.0,2.0,2.0,0.0,1.0,1.0,0.0,2.0,,,3.0,,1.0,4.0,2.0,,,,
502,,,,,,5.0,2.0,2.0,1.0,,0.0,3.0,5.0,1.0,6.0,3.0,4.0,2.0,0.0,2.0,,,1.0,,1.0,0.0,1.0,,,,
503,,,,,,4.0,5.0,4.0,3.0,,2.0,3.0,1.0,0.0,0.0,2.0,4.0,2.0,5.0,0.0,,,0.0,,2.0,1.0,0.0,,,,
504,,,,,,1.0,2.0,3.0,2.0,,0.0,1.0,3.0,2.0,1.0,0.0,0.0,1.0,0.0,0.0,,,4.0,,2.0,0.0,1.0,,,,
505,,,0.0,,,3.0,3.0,,0.0,,4.0,0.0,0.0,,,,2.0,1.0,0.0,4.0,,,,,2.0,,,,,,
506,,,0.0,,,5.0,2.0,1.0,,,2.0,2.0,,,1.0,3.0,3.0,0.0,0.0,,,,3.0,,1.0,1.0,,2.0,,,
507,,,4.0,,,3.0,2.0,0.0,1.0,,,1.0,4.0,,1.0,1.0,2.0,1.0,,1.0,,,5.0,,,,,0.0,,,
508,,,0.0,,,1.0,3.0,0.0,2.0,,3.0,4.0,6.0,,3.0,,,2.0,1.0,,,,2.0,,0.0,1.0,,,,,
509,,,0.0,,,0.0,,2.0,1.0,,1.0,,1.0,,,1.0,1.0,1.0,1.0,3.0,,,,,0.0,1.0,,4.0,,,
510,,,2.0,,,2.0,2.0,1.0,,,4.0,0.0,2.0,,4.0,,3.0,,,2.0,,,1.0,,,0.0,,0.0,,,
511,,,0.0,,,,,0.0,1.0,,3.0,3.0,3.0,,1.0,,,1.0,5.0,4.0,,,,,1.0,0.0,,0.0,,,
512,,,,,,1.0,6.0,3.0,1.0,,,3.0,,,4.0,3.0,2.0,,0.0,,,,0.0,,2.0,4.0,,0.0,,,
513,,,0.0,,,,,,,,2.0,0.0,1.0,,,1.0,,3.0,2.0,0.0,,,0.0,,2.0,1.0,,4.0,,,
514,,,,,,,3.0,0.0,,,,,,,,,,,,,,,,,,,,,,,
515,,,1.0,,,2.0,1.0,4.0,1.0,,2.0,2.0,1.0,,2.0,3.0,3.0,,2.0,2.0,,,,,,,,2.0,,,
516,,,3.0,,,0.0,0.0,1.0,0.0,,1.0,,2.0,,1.0,,,2.0,5.0,1.0,,,6.0,,3.0,2.0,,0.0,,,
517,,,,,,1.0,0.0,,3.0,,,2.0,2.0,,,1.0,2.0,2.0,0.0,2.0,,,1.0,,0.0,,,,,,
518,,,0.0,,,,,1.0,2.0,,5.0,1.0,,,2.0,3.0,2.0,,,3.0,,,,,3.0,0.0,,4.0,,,
519,,,2.0,,,1.0,3.0,,,,1.0,2.0,1.0,,,3.0,2.0,1.0,2.0,0.0,,,0.0,,,0.0,,0.0,,,
520,,,,,,,4.0,2.0,1.0,,3.0,1.0,2.0,,0.0,,,,2.0,2.0,,,1.0,,0.0,1.0,,1.0,,,
521,,,0.0,,,1.0,4.0,2.0,,,1.0,,,,3.0,3.0,2.0,0.0,0.0,,,,,,1.0,1.0,,1.0,,,
522,,,2.0,,,2.0,,,2.0,,,,2.0,,,6.0,1.0,,,,,,1.0,,,,,4.0,,,
523,,,1.0,,,,2.0,,2.0,,2.0,3.0,3.0,,1.0,,,4.0,,0.0,,,1.0,,1.0,3.0,,1.0,,,
524,,,0.0,,,5.0,,1.0,1.0,,5.0,,1.0,,3.0,2.0,1.0,,1.0,,,,0.0,,,2.0,,2.0,,,
525,,,,,,0.0,1.0,,1.0,,2.0,2.0,3.0,,,2.0,3.0,2.0,0.0,1.0,,,1.0,,0.0,1.0,,,,,
526,,,2.0,,,1.0,,0.0,1.0,,,1.0,,,2.0,,0.0,3.0,1.0,,,,2.0,,3.0,2.0,,0.0,,,
527,,,3.0,,,,1.0,,,,3.0,1.0,,,1.0,1.0,2.0,1.0,2.0,0.0,,,3.0,,0.0,1.0,,1.0,,,
528,,,1.0,,,2.0,1.0,1.0,2.0,,0.0,1.0,2.0,,2.0,0.0,2.0,,,,,,,,0.0,3.0,,2.0,,,
529,,,,,,3.0,2.0,1.0,,,3.0,0.0,2.0,,5.0,0.0,1.0,1.0,2.0,1.0,,,2.0,,0.0,,,2.0,,,
530,,,1.0,,,,1.0,2.0,5.0,,,,1.0,,,,,,,1.0,,,1.0,,,1.0,,,,,
531,,,,,,2.0,3.0,1.0,1.0,,0.0,0.0,2.0,,,0.0,1.0,3.0,,,,,,,1.0,1.0,,,,,
532,,,1.0,,,2.0,4.0,,,,0.0,0.0,,,1.0,,0.0,0.0,0.0,1.0,,,1.0,,3.0,1.0,,2.0,,,
533,,,,,,3.0,,1.0,0.0,,2.0,0.0,2.0,,2.0,3.0,4.0,3.0,1.0,0.0,,,3.0,,1.0,1.0,,2.0,,,
534,,,1.0,,,1.0,1.0,0.0,,,3.0,3.0,1.0,,1.0,2.0,4.0,1.0,1.0,1.0,,,0.0,,,0.0,,,,,
535,,,3.0,,,2.0,0.0,,2.0,,0.0,1.0,0.0,,2.0,1.0,,,0.0,1.0,,,,,2.0,2.0,,1.0,,,
536,,,,,,,,2.0,,,2.0,,2.0,,,1.0,1.0,2.0,,3.0,,,2.0,,,,,0.0,,,
537,,,0.0,,,2.0,3.0,2.0,,,2.0,1.0,0.0,,,2.0,0.0,1.0,2.0,3.0,,,1.0,,,2.0,,,,,
538,,,0.0,,,,,1.0,1.0,,,0.0,1.0,,2.0,,,,1.0,,,,1.0,,1.0,1.0,,2.0,,,
539,,,1.0,,,0.0,2.0,1.0,0.0,,3.0,,2.0,,,,,1.0,0.0,1.0,,,0.0,,4.0,1.0,,2.0,,,
540,,,4.0,,,,3.0,,0.0,,2.0,0.0,3.0,,2.0,3.0,1.0,1.0,1.0,2.0,,,,,2.0,,,0.0,,,
541,,,1.0,,,0.0,1.0,1.0,1.0,,4.0,,5.0,,5.0,,1.0,2.0,1.0,,,,1.0,,2.0,1.0,,,,,
542,,,1.0,,,2.0,2.0,,,,,1.0,,,1.0,2.0,1.0,2.0,0.0,3.0,,,1.0,,2.0,1.0,,0.0,,,
543,,,1.0,,,,4.0,0.0,0.0,,1.0,,1.0,,,1.0,3.0,,1.0,,,1.0,2.0,,,0.0,,,2.0,,
544,,,2.0,,,6.0,3.0,,,,1.0,,2.0,1.0,1.0,2.0,1.0,,1.0,3.0,,,2.0,,2.0,,,2.0,1.0,,
545,,,1.0,,,3.0,1.0,2.0,,,2.0,,,3.0,,,0.0,,,0.0,,0.0,,,3.0,0.0,,0.0,0.0,,
546,,,3.0,,,,0.0,1.0,,,3.0,,1.0,0.0,1.0,1.0,3.0,,1.0,2.0,,3.0,2.0,,2.0,1.0,,1.0,1.0,,
547,,,3.0,,,1.0,2.0,,,,1.0,,2.0,2.0,1.0,0.0,0.0,,3.0,0.0,,,3.0,,,1.0,,1.0,,,
548,,,,,,,1.0,0.0,,,1.0,,,2.0,0.0,1.0,1.0,,1.0,,,1.0,0.0,,1.0,,,1.0,1.0,,
549,,,1.0,,,4.0,5.0,1.0,,,,,4.0,,4.0,6.0,3.0,,2.0,0.0,,1.0,4.0,,2.0,2.0,,0.0,2.0,,
550,,,4.0,,,0.0,0.0,2.0,,,1.0,,3.0,2.0,,6.0,,,1.0,1.0,,,0.0,,1.0,6.0,,3.0,1.0,,
551,,,,,,3.0,1.0,3.0,,,,,1.0,1.0,2.0,4.0,0.0,,1.0,0.0,,0.0,,,1.0,1.0,,,1.0,,
552,,,0.0,,,,3.0,,,,2.0,,,3.0,1.0,2.0,2.0,,2.0,2.0,,1.0,2.0,,2.0,1.0,,1.0,0.0,,
553,,,,,,1.0,4.0,1.0,,,0.0,,2.0,,2.0,,3.0,,,,,3.0,0.0,,0.0,3.0,,1.0,0.0,,
554,,,2.0,,,,4.0,2.0,,,2.0,,,2.0,,1.0,1.0,,0.0,0.0,,2.0,2.0,,3.0,,,2.0,,,
555,,,,,,1.0,4.0,,,,1.0,,4.0,1.0,2.0,0.0,1.0,,0.0,1.0,,1.0,,,,1.0,,2.0,0.0,,
556,,,0.0,,,,,5.0,,,0.0,,2.0,4.0,,2.0,2.0,,1.0,,,,1.0,,1.0,1.0,,2.0,0.0,,
557,,,0.0,,,3.0,5.0,,,,1.0,,1.0,0.0,5.0,,2.0,,1.0,1.0,,2.0,5.0,,1.0,,,0.0,1.0,,
558,,,2.0,,,,3.0,1.0,,,2.0,,2.0,0.0,,2.0,,,0.0,,,2.0,1.0,,2.0,1.0,,1.0,1.0,,
559,,,,,,4.0,,,,,0.0,,0.0,,3.0,1.0,2.0,,,1.0,,,,,0.0,,,,,,
560,,,2.0,,,5.0,2.0,3.0,,,,,,,,,0.0,,,1.0,,0.0,1.0,,,,,0.0,1.0,,
561,,,2.0,,,1.0,2.0,,,,,,1.0,2.0,3.0,0.0,2.0,,1.0,0.0,,,4.0,,2.0,0.0,,,0.0,,
562,,,1.0,,,2.0,0.0,1.0,,,4.0,,2.0,1.0,0.0,1.0,1.0,,,,,0.0,1.0,,,0.0,,0.0,1.0,,
563,,,1.0,,,2.0,,2.0,,,0.0,,2.0,1.0,,,3.0,,0.0,2.0,,0.0,,,0.0,1.0,,0.0,0.0,,
564,,,0.0,,,2.0,0.0,0.0,,,3.0,,0.0,1.0,1.0,2.0,,,0.0,,,0.0,2.0,,2.0,,,0.0,,,
565,,,1.0,,,3.0,0.0,1.0,,,4.0,,1.0,,2.0,1.0,1.0,,0.0,2.0,,3.0,0.0,,0.0,2.0,,,0.0,,
566,,,,,,4.0,4.0,,,,,,2.0,0.0,0.0,2.0,2.0,,2.0,1.0,,1.0,,,3.0,2.0,,1.0,,,
567,,,1.0,,,,,1.0,,,3.0,,,,3.0,,2.0,,2.0,1.0,,2.0,2.0,,3.0,1.0,,0.0,1.0,,
568,,,1.0,,,3.0,1.0,,,,0.0,,1.0,0.0,,2.0,2.0,,1.0,,,3.0,1.0,,,0.0,,1.0,2.0,,
569,,,1.0,,,3.0,1.0,0.0,,,1.0,,2.0,2.0,0.0,1.0,,,,1.0,,0.0,6.0,,0.0,1.0,,0.0,,,
570,,,3.0,,,,,1.0,,,,,2.0,3.0,3.0,3.0,1.0,,1.0,2.0,,2.0,0.0,,1.0,3.0,,0.0,0.0,,
571,,,1.0,,,2.0,1.0,3.0,,,4.0,,,2.0,2.0,2.0,2.0,,4.0,1.0,,,,,0.0,1.0,,0.0,1.0,,
572,,,,,,5.0,,,,,0.0,,0.0,0.0,4.0,1.0,1.0,,0.0,1.0,,1.0,1.0,,,3.0,,,2.0,,
573,,,1.0,,,3.0,2.0,0.0,,,5.0,,,,,3.0,2.0,,2.0,,,1.0,1.0,,2.0,0.0,,0.0,2.0,,
574,,,1.0,,,4.0,0.0,,,,1.0,,3.0,1.0,2.0,3.0,3.0,,0.0,4.0,,1.0,,,1.0,,,1.0,0.0,,
575,,,0.0,,,3.0,,2.0,,,1.0,,0.0,1.0,0.0,0.0,,,1.0,,,2.0,0.0,,1.0,3.0,,0.0,0.0,,
576,,,0.0,,,2.0,3.0,,,,1.0,,3.0,,1.0,,3.0,,2.0,0.0,,,1.0,,,0.0,,1.0,0.0,,
577,,,1.0,,,3.0,1.0,2.0,,,1.0,,3.0,2.0,1.0,4.0,4.0,,,,,1.0,,,2.0,1.0,,0.0,2.0,,
578,,,,,1.0,2.0,3.0,2.0,,,3.0,3.0,,1.0,3.0,1.0,0.0,,4.0,5.0,,,3.0,,2.0,1.0,,,,,
579,,,0.0,,0.0,,3.0,,,,,0.0,1.0,0.0,2.0,3.0,2.0,1.0,,1.0,,2.0,3.0,,4.0,,,,,,
580,,,1.0,,0.0,1.0,,1.0,,,1.0,1.0,,0.0,,,0.0,0.0,,2.0,,0.0,,,1.0,6.0,,,,,
581,,,,,0.0,,4.0,2.0,,,1.0,,0.0,0.0,2.0,0.0,,1.0,,0.0,,3.0,1.0,,0.0,2.0,,,,,
582,,,0.0,,1.0,6.0,2.0,,,,,0.0,2.0,,1.0,4.0,3.0,0.0,,,,0.0,3.0,,0.0,1.0,,,,,
583,,,0.0,,,1.0,2.0,1.0,,,0.0,,0.0,3.0,1.0,1.0,,2.0,,3.0,,0.0,2.0,,1.0,2.0,,,,,
584,,,3.0,,0.0,2.0,2.0,3.0,,,0.0,1.0,,,1.0,0.0,3.0,1.0,,0.0,,3.0,,,3.0,1.0,,,,,
585,,,1.0,,2.0,2.0,1.0,0.0,,,0.0,1.0,2.0,0.0,2.0,,,4.0,,,,1.0,1.0,,1.0,2.0,,,,,
586,,,1.0,,1.0,1.0,2.0,1.0,,,,1.0,1.0,1.0,2.0,5.0,1.0,,,2.0,,1.0,,,1.0,0.0,,,,,
587,,,1.0,,0.0,3.0,,2.0,,,2.0,1.0,1.0,2.0,5.0,5.0,,0.0,,,,2.0,1.0,,1.0,1.0,,,,,
588,,,,,3.0,6.0,6.0,,,,,0.0,,1.0,3.0,3.0,2.0,4.0,,2.0,,0.0,0.0,,,2.0,,,,,
589,,,2.0,,0.0,,,4.0,,,4.0,1.0,1.0,2.0,0.0,,,2.0,,2.0,,3.0,1.0,,1.0,1.0,,,,,
590,,,1.0,,1.0,2.0,5.0,1.0,,,1.0,0.0,,2.0,1.0,2.0,3.0,,,2.0,,,5.0,,2.0,,,,,,
591,,,2.0,,3.0,3.0,,0.0,,,3.0,0.0,1.0,3.0,4.0,,0.0,1.0,,2.0,,2.0,,,1.0,0.0,,,,,
592,,,,,0.0,1.0,5.0,1.0,,,2.0,,1.0,,3.0,0.0,0.0,0.0,,,,1.0,0.0,,1.0,0.0,,,,,
593,,,3.0,,1.0,1.0,,,,,2.0,1.0,2.0,1.0,1.0,,,1.0,,1.0,,1.0,2.0,,1.0,,,,,,
594,,,4.0,,1.0,3.0,2.0,2.0,,,,,1.0,,,5.0,2.0,,,1.0,,1.0,2.0,,,2.0,,,,,
595,,,0.0,,2.0,,1.0,,,,2.0,0.0,4.0,3.0,1.0,2.0,1.0,3.0,,,,0.0,5.0,,0.0,0.0,,,,,
596,,,,,1.0,2.0,1.0,4.0,,,3.0,1.0,,1.0,2.0,0.0,4.0,0.0,,0.0,,0.0,,,,2.0,,,,,
597,,,1.0,,3.0,3.0,0.0,1.0,,,,,0.0,1.0,,,3.0,2.0,,1.0,,1.0,0.0,,1.0,0.0,,,,,
598,,,0.0,,2.0,4.0,,0.0,,,1.0,1.0,,0.0,1.0,0.0,3.0,0.0,,3.0,,0.0,1.0,,,0.0,,,,,
599,,,,,,,2.0,1.0,,,1.0,2.0,3.0,0.0,1.0,0.0,1.0,,,,,0.0,0.0,,2.0,2.0,,,,,
600,,,0.0,,0.0,2.0,,2.0,,,0.0,0.0,1.0,0.0,,3.0,6.0,1.0,,2.0,,2.0,,,4.0,3.0,,,,,
601,,,0.0,,,2.0,3.0,,,,1.0,,3.0,,1.0,,4.0,1.0,,1.0,,0.0,2.0,,0.0,0.0,,,,,
602,,,1.0,,2.0,2.0,4.0,2.0,,,,1.0,2.0,1.0,1.0,0.0,1.0,0.0,,0.0,,2.0,0.0,,0.0,,,,,,
603,,,1.0,,1.0,3.0,,4.0,,,0.0,5.0,1.0,,3.0,,2.0,,,0.0,,0.0,2.0,,2.0,0.0,,,,,
604,,,,,3.0,1.0,2.0,,,,1.0,0.0,2.0,0.0,,2.0,2.0,2.0,,1.0,,2.0,1.0,,,0.0,,,,,
605,,,0.0,,1.0,,,2.0,,,0.0,1.0,,1.0,3.0,0.0,,0.0,,,,1.0,4.0,,1.0,1.0,,,,,
606,,,2.0,,2.0,4.0,3.0,1.0,,,,,3.0,2.0,3.0,3.0,2.0,,,0.0,,0.0,0.0,,,1.0,,,,,
607,,,0.0,,1.0,2.0,1.0,,,,2.0,1.0,,0.0,,2.0,,2.0,,3.0,,1.0,3.0,,2.0,3.0,,,,,
608,,,,,1.0,3.0,2.0,2.0,,,4.0,0.0,1.0,,1.0,1.0,5.0,1.0,,1.0,,,1.0,,,1.0,,,,,
609,,,1.0,,2.0,2.0,2.0,0.0,,,0.0,0.0,2.0,0.0,2.0,0.0,,2.0,,1.0,,0.0,,,2.0,2.0,,,,,
610,,,1.0,,1.0,,4.0,,,,1.0,2.0,0.0,1.0,,,4.0,1.0,,2.0,,2.0,2.0,,1.0,1.0,,,,,
611,,,0.0,,1.0,6.0,1.0,3.0,,,1.0,2.0,,3.0,1.0,1.0,,0.0,,2.0,,2.0,,,1.0,1.0,,,,,
612,,,,,,2.0,,1.0,,,2.0,,1.0,1.0,,4.0,2.0,1.0,,,,2.0,1.0,,3.0,,,0.0,,,
613,3.0,,,,,,2.0,2.0,,,2.0,2.0,0.0,,2.0,1.0,,,,0.0,,2.0,0.0,,2.0,1.0,,,,,
614,,,,,,4.0,1.0,,,,1.0,0.0,4.0,2.0,,1.0,0.0,2.0,,3.0,,1.0,0.0,,2.0,3.0,,2.0,,,
615,1.0,,,,,,,1.0,,,1.0,0.0,3.0,0.0,4.0,1.0,2.0,0.0,,,,1.0,0.0,,,0.0,,0.0,,,
616,,,,,,4.0,1.0,1.0,,,3.0,,1.0,0.0,,0.0,2.0,0.0,,0.0,,3.0,1.0,,1.0,1.0,,0.0,,,
617,1.0,,,,,,2.0,1.0,,,3.0,0.0,4.0,1.0,3.0,2.0,,,,5.0,,1.0,,,1.0,0.0,,0.0,,,
618,2.0,,,,,3.0,5.0,,,,3.0,0.0,,,5.0,,2.0,0.0,,0.0,,1.0,1.0,,0.0,0.0,,2.0,,,
619,0.0,,,,,1.0,3.0,2.0,,,1.0,0.0,2.0,0.0,,2.0,,1.0,,1.0,,0.0,2.0,,1.0,,,3.0,,,
620,2.0,,,,,1.0,2.0,3.0,,,3.0,,1.0,2.0,2.0,2.0,2.0,,,0.0,,,,,0.0,1.0,,0.0,,,
621,0.0,,,,,1.0,1.0,1.0,,,,1.0,2.0,0.0,1.0,,,1.0,,,,0.0,2.0,,1.0,,,0.0,,,
622,2.0,,,,,2.0,1.0,,,,3.0,0.0,0.0,2.0,,0.0,1.0,1.0,,1.0,,0.0,,,0.0,2.0,,,,,
623,3.0,,,,,1.0,2.0,1.0,,,1.0,0.0,1.0,0.0,2.0,,2.0,1.0,,1.0,,,0.0,,1.0,,,1.0,,,
624,2.0,,,,,0.0,5.0,2.0,,,1.0,,,0.0,0.0,1.0,,0.0,,2.0,,3.0,,,1.0,2.0,,1.0,,,
625,,,,,,3.0,,1.0,,,,1.0,2.0,1.0,3.0,2.0,5.0,3.0,,4.0,,2.0,0.0,,1.0,1.0,,0.0,,,
626,2.0,,,,,0.0,2.0,3.0,,,3.0,0.0,,,3.0,3.0,3.0,0.0,,0.0,,3.0,1.0,,,2.0,,1.0,,,
627,1.0,,,,,1.0,,2.0,,,2.0,0.0,0.0,0.0,4.0,,0.0,3.0,,2.0,,1.0,0.0,,0.0,,,0.0,,,
628,0.0,,,,,1.0,1.0,0.0,,,1.0,0.0,1.0,2.0,3.0,1.0,2.0,,,,,,,,1.0,0.0,,,,,
629,1.0,,,,,2.0,,2.0,,,2.0,0.0,,,2.0,,3.0,2.0,,4.0,,0.0,0.0,,0.0,1.0,,1.0,,,
630,1.0,,,,,,3.0,,,,,,1.0,0.0,1.0,1.0,1.0,1.0,,1.0,,1.0,2.0,,1.0,0.0,,1.0,,,
631,2.0,,,,,2.0,3.0,1.0,,,3.0,4.0,,3.0,4.0,,,0.0,,,,0.0,,,0.0,1.0,,0.0,,,
632,,,,,,4.0,2.0,,,,0.0,0.0,2.0,1.0,,2.0,2.0,1.0,,1.0,,1.0,1.0,,0.0,3.0,,2.0,,,
633,0.0,,,,,,2.0,1.0,,,0.0,2.0,0.0,2.0,2.0,0.0,,0.0,,0.0,,,2.0,,1.0,2.0,,3.0,,,
634,,,,,,3.0,,3.0,,,0.0,1.0,1.0,,1.0,,2.0,1.0,,,,0.0,1.0,,0.0,4.0,,0.0,,,
635,1.0,,,,,,4.0,3.0,,,3.0,0.0,1.0,2.0,,0.0,1.0,0.0,,2.0,,0.0,,,1.0,1.0,,,,,
636,,,,,,4.0,1.0,,,,2.0,0.0,2.0,1.0,2.0,1.0,1.0,,,1.0,,1.0,3.0,,,,,2.0,,,
637,0.0,,,,,3.0,3.0,1.0,,,1.0,,0.0,,0.0,5.0,,0.0,,,,4.0,,,1.0,2.0,,1.0,,,
638,3.0,,,,,1.0,,3.0,,,,0.0,3.0,1.0,5.0,0.0,4.0,0.0,,1.0,,,0.0,,0.0,1.0,,,,,
639,0.0,,,,,2.0,2.0,2.0,,,1.0,,,0.0,1.0,,0.0,,,0.0,,1.0,1.0,,,4.0,,1.0,,,
640,0.0,,,,,,4.0,3.0,,,3.0,1.0,1.0,,8.0,1.0,1.0,0.0,,2.0,,1.0,,,4.0,0.0,,0.0,,,
641,2.0,,,,,2.0,5.0,,,,2.0,1.0,2.0,1.0,,4.0,1.0,1.0,,3.0,,3.0,1.0,,4.0,4.0,,1.0,,,
642,1.0,,,,,1.0,5.0,3.0,,,1.0,3.0,3.0,0.0,2.0,0.0,2.0,0.0,,,,1.0,2.0,,1.0,1.0,,,,,
643,,,,,,1.0,0.0,0.0,,,1.0,,1.0,0.0,2.0,,2.0,0.0,,3.0,,1.0,1.0,,,2.0,,2.0,,,
644,0.0,,,,,1.0,4.0,1.0,,,,1.0,,0.0,0.0,0.0,1.0,2.0,,1.0,,3.0,,,0.0,4.0,,0.0,,,
645,3.0,,,,,4.0,,3.0,,,0.0,,0.0,,3.0,0.0,2.0,2.0,,,,1.0,1.0,,4.0,1.0,,1.0,,,
646,0.0,,,,,3.0,1.0,3.0,,,,0.0,1.0,1.0,2.0,4.0,2.0,,1.0,5.0,,,,,0.0,2.0,3.0,,,,
647,,,,,,,3.0,,,,1.0,1.0,1.0,1.0,1.0,3.0,2.0,,,1.0,,0.0,4.0,,0.0,1.0,2.0,,,,
648,2.0,,,,,4.0,,2.0,,,2.0,,0.0,0.0,5.0,1.0,2.0,,2.0,,,2.0,2.0,,1.0,2.0,,,,,
649,,,,,,2.0,3.0,1.0,,,,0.0,,1.0,4.0,3.0,2.0,,1.0,1.0,,0.0,0.0,,2.0,2.0,1.0,,,,
650,0.0,,,,,0.0,1.0,2.0,,,2.0,1.0,0.0,3.0,,,2.0,,2.0,1.0,,1.0,2.0,,1.0,1.0,,,,,
651,0.0,,,,,1.0,1.0,0.0,,,2.0,1.0,4.0,1.0,0.0,2.0,0.0,,2.0,,,2.0,,,1.0,2.0,1.0,,,,
652,,,,,,4.0,,1.0,,,,,2.0,0.0,4.0,,0.0,,0.0,2.0,,0.0,3.0,,1.0,1.0,2.0,,,,
653,0.0,,,,,,4.0,3.0,,,1.0,1.0,,,0.0,1.0,1.0,,0.0,1.0,,2.0,0.0,,1.0,,,,,,
654,1.0,,,,,5.0,,0.0,,,,0.0,3.0,1.0,,1.0,3.0,,0.0,0.0,,1.0,2.0,,2.0,1.0,0.0,,,,
655,,,,,,3.0,3.0,,,,1.0,1.0,1.0,1.0,1.0,4.0,2.0,,,,,3.0,2.0,,0.0,3.0,0.0,,,,
656,0.0,,,,,4.0,1.0,2.0,,,0.0,0.0,,2.0,,2.0,3.0,,0.0,1.0,,1.0,,,,2.0,0.0,,,,
657,2.0,,,,,4.0,8.0,,,,4.0,,0.0,2.0,1.0,2.0,,,0.0,4.0,,,0.0,,4.0,1.0,1.0,,,,
658,,,,,,1.0,5.0,3.0,,,1.0,1.0,0.0,3.0,2.0,,2.0,,1.0,0.0,,1.0,2.0,,,2.0,3.0,,,,
659,1.0,,,,,2.0,3.0,1.0,,,,,3.0,3.0,1.0,0.0,,,3.0,3.0,,1.0,1.0,,0.0,1.0,,,,,
660,0.0,,,,,1.0,,,,,2.0,2.0,,1.0,,,5.0,,1.0,,,1.0,2.0,,,0.0,2.0,,,,
661,,,,,,3.0,3.0,,,,1.0,2.0,2.0,2.0,1.0,2.0,1.0,,1.0,3.0,,,1.0,,3.0,,,,,,
662,2.0,,,,,3.0,2.0,1.0,,,1.0,0.0,1.0,2.0,,1.0,1.0,,0.0,,,1.0,3.0,,0.0,3.0,1.0,,,,
663,0.0,,,,,2.0,3.0,1.0,,,1.0,,0.0,1.0,7.0,1.0,3.0,,3.0,0.0,,0.0,0.0,,4.0,1.0,,,,,
664,0.0,,,,,,,,,,,1.0,,,5.0,1.0,,,,4.0,,,,,,1.0,3.0,,,,
665,,,,,,,2.0,1.0,,,1.0,1.0,1.0,,0.0,1.0,1.0,,0.0,,,,1.0,,1.0,,1.0,,,,
666,1.0,,,,,2.0,,1.0,,,2.0,,,1.0,1.0,,,,,3.0,,3.0,,,,3.0,,,,,
667,,,,,,2.0,0.0,0.0,,,,2.0,0.0,,3.0,2.0,,,0.0,,,1.0,1.0,,1.0,,1.0,,,,
668,,,,,,4.0,3.0,,,,1.0,2.0,0.0,0.0,,2.0,2.0,,1.0,0.0,,,0.0,,1.0,1.0,,,,,
669,0.0,,,,,1.0,4.0,1.0,,,2.0,2.0,0.0,0.0,0.0,,4.0,,6.0,,,0.0,3.0,,,1.0,1.0,,,,
670,1.0,,,,,2.0,2.0,2.0,,,1.0,1.0,1.0,0.0,3.0,0.0,0.0,,,0.0,,,1.0,,1.0,1.0,0.0,,,,
671,,,,,,2.0,,,,,2.0,,,1.0,1.0,1.0,3.0,,1.0,1.0,,2.0,,,2.0,0.0,1.0,,,,
672,1.0,,,,,,0.0,4.0,,,0.0,1.0,1.0,,,2.0,2.0,,1.0,1.0,,1.0,1.0,,0.0,2.0,2.0,,,,
673,2.0,,,,,3.0,,0.0,,,2.0,0.0,1.0,0.0,1.0,,2.0,,2.0,,,1.0,,,1.0,3.0,,,,,
674,2.0,,,,,0.0,4.0,,,,1.0,0.0,1.0,5.0,,3.0,,,2.0,1.0,,3.0,1.0,,0.0,2.0,2.0,,,,
675,,,,,,3.0,,2.0,,,2.0,,2.0,2.0,2.0,0.0,3.0,,,2.0,,1.0,0.0,,2.0,0.0,0.0,,,,
676,0.0,,,,,5.0,5.0,2.0,,,,3.0,,3.0,5.0,0.0,3.0,,1.0,,,0.0,2.0,,0.0,,,,,,
677,3.0,,,,,3.0,1.0,,,,2.0,3.0,0.0,1.0,,0.0,2.0,,1.0,1.0,,2.0,2.0,,,0.0,2.0,,,,
678,0.0,,,,,,,1.0,,,2.0,,1.0,,3.0,7.0,3.0,,,1.0,,1.0,1.0,,2.0,0.0,0.0,,,,
679,2.0,,,,,2.0,0.0,,,,2.0,2.0,2.0,2.0,,3.0,4.0,,1.0,2.0,,2.0,0.0,,0.0,2.0,,,,,
680,1.0,,,,,3.0,3.0,2.0,,,0.0,,,1.0,3.0,,0.0,,3.0,4.0,,0.0,,,3.0,2.0,1.0,,,,
681,2.0,,,,,0.0,2.0,,,,2.0,2.0,0.0,1.0,3.0,5.0,6.0,,,0.0,,1.0,0.0,,3.0,5.0,1.0,,,,
